-- --------------------------------------------------------
-- Хост:                         127.0.0.1
-- Версия сервера:               5.5.34 - MySQL Community Server (GPL)
-- ОС Сервера:                   Win32
-- HeidiSQL Версия:              8.2.0.4675
-- --------------------------------------------------------

/*!40101 SET @OLD_CHARACTER_SET_CLIENT=@@CHARACTER_SET_CLIENT */;
/*!40101 SET NAMES utf8 */;
/*!40014 SET @OLD_FOREIGN_KEY_CHECKS=@@FOREIGN_KEY_CHECKS, FOREIGN_KEY_CHECKS=0 */;
/*!40101 SET @OLD_SQL_MODE=@@SQL_MODE, SQL_MODE='NO_AUTO_VALUE_ON_ZERO' */;

-- Дамп структуры базы данных ubercalc
DROP DATABASE IF EXISTS `ubercalc`;
CREATE DATABASE IF NOT EXISTS `ubercalc` /*!40100 DEFAULT CHARACTER SET utf8 COLLATE utf8_bin */;
USE `ubercalc`;


-- Дамп структуры для таблица ubercalc.all_factors
DROP TABLE IF EXISTS `all_factors`;
CREATE TABLE IF NOT EXISTS `all_factors` (
  `id` int(10) NOT NULL AUTO_INCREMENT,
  `name` varchar(50) COLLATE utf8_bin NOT NULL,
  `description` varchar(50) COLLATE utf8_bin NOT NULL,
  `code` varchar(50) COLLATE utf8_bin NOT NULL,
  PRIMARY KEY (`id`)
) ENGINE=InnoDB AUTO_INCREMENT=16 DEFAULT CHARSET=utf8 COLLATE=utf8_bin COMMENT='Таблица со всеми коэффициентами и что они означают и их кодами';

-- Дамп данных таблицы ubercalc.all_factors: ~15 rows (приблизительно)
/*!40000 ALTER TABLE `all_factors` DISABLE KEYS */;
INSERT INTO `all_factors` (`id`, `name`, `description`, `code`) VALUES
	(1, 'Ксп', 'коэф. страхового продукта', 'ksp'),
	(2, 'Квс', 'коэф. возраста/стажа', 'kvs'),
	(3, 'Кл', 'коэф. количества лиц, допущенных к управлению', 'kl'),
	(4, 'Ки', 'коэф. использования ТС', 'ki'),
	(5, 'Кпс', 'коэф. использования противоугонной системы', 'kps'),
	(6, 'КУТС', 'коэф. УТС (Утраты товарной стоимости)', 'kuts'),
	(7, 'Ксд', 'коэф. срока действия договора', 'ksd'),
	(8, 'Кп', 'коэф. парковости', 'kp'),
	(9, 'Ко', 'коэф. единовременной оплаты страховой премии', 'ko'),
	(10, 'Клв', 'коэф. лимита возмещения', 'klv'),
	(11, 'Кстоа', 'коэф. возмещения (Размера страхового возмещения)', 'kctoa'),
	(12, 'Вбс', 'коэф. «выплаты без справок»', 'vbs'),
	(13, 'Ка', 'коэф. андрайтера', 'ka'),
	(14, 'Кф', 'коэф. франшизы', 'kf'),
	(15, 'Ккв', 'коэф. комиссионного вознаграждения', 'kkv');
/*!40000 ALTER TABLE `all_factors` ENABLE KEYS */;


-- Дамп структуры для таблица ubercalc.factor_kuts
DROP TABLE IF EXISTS `factor_kuts`;
CREATE TABLE IF NOT EXISTS `factor_kuts` (
  `id` int(10) NOT NULL AUTO_INCREMENT,
  `Risk` varchar(50) COLLATE utf8_bin NOT NULL DEFAULT '0',
  `Value` float NOT NULL DEFAULT '0',
  PRIMARY KEY (`id`)
) ENGINE=InnoDB AUTO_INCREMENT=3 DEFAULT CHARSET=utf8 COLLATE=utf8_bin COMMENT='Зависимости коэф КУТС\r\nУТС - Утрата Товарной Стоимости';

-- Дамп данных таблицы ubercalc.factor_kuts: ~2 rows (приблизительно)
/*!40000 ALTER TABLE `factor_kuts` DISABLE KEYS */;
INSERT INTO `factor_kuts` (`id`, `Risk`, `Value`) VALUES
	(1, 'ХИЩЕНИЕ + УЩЕРБ + УТС', 1.3),
	(2, 'УЩЕРБ + УТС', 1.3);
/*!40000 ALTER TABLE `factor_kuts` ENABLE KEYS */;


-- Дамп структуры для таблица ubercalc.fatality_factor_table
DROP TABLE IF EXISTS `fatality_factor_table`;
CREATE TABLE IF NOT EXISTS `fatality_factor_table` (
  `id` int(10) NOT NULL AUTO_INCREMENT,
  `factor_id` int(10) DEFAULT '0',
  `ksp_value` double DEFAULT '0',
  `tariff_program_id` int(10) DEFAULT '0',
  `ldu_quantity` int(10) DEFAULT '0',
  `driver_age_up` int(10) DEFAULT '0',
  `driver_age_down` int(10) DEFAULT '0',
  `driver_exp_up` int(10) DEFAULT '0',
  `driver_exp_down` int(10) DEFAULT '0',
  `ki_value` double DEFAULT '0',
  `TS_NoDefendFlag` tinyint(1) DEFAULT '0',
  `TS_SatelliteFlag` tinyint(1) DEFAULT '0',
  `TS_HaveElectronicAlarm` tinyint(1) DEFAULT '0',
  `TS_Risks_Id` int(10) DEFAULT '0',
  `ksd_description_id` int(10) DEFAULT '0',
  `kp_description_id` int(10) DEFAULT '0',
  `kp_flag` tinyint(1) DEFAULT '0',
  `ko_is_checked` tinyint(1) DEFAULT '0',
  `regres_limit_factor_id` int(10) DEFAULT '0',
  `tariff_def_damage_type_id` int(10) DEFAULT '0',
  `klv_value` double DEFAULT '0',
  `payments_without_references_id` int(10) DEFAULT '0',
  `ka_value` double DEFAULT '0',
  `Franshiza_Percent_Up` double DEFAULT '0',
  `Franshiza_Percent_Down` double DEFAULT '0',
  `franchise_type_id` int(10) DEFAULT '0',
  `Franshiza_Flag` tinyint(1) DEFAULT '0',
  `commission_percent_value` double DEFAULT '0',
  `value` float DEFAULT '0',
  PRIMARY KEY (`id`)
) ENGINE=InnoDB DEFAULT CHARSET=utf8 COLLATE=utf8_bin COMMENT='Сводная таблица со значениями всех коэффициентов';

-- Дамп данных таблицы ubercalc.fatality_factor_table: ~0 rows (приблизительно)
/*!40000 ALTER TABLE `fatality_factor_table` DISABLE KEYS */;
/*!40000 ALTER TABLE `fatality_factor_table` ENABLE KEYS */;


-- Дамп структуры для таблица ubercalc.franchise
DROP TABLE IF EXISTS `franchise`;
CREATE TABLE IF NOT EXISTS `franchise` (
  `fr_id` int(10) unsigned NOT NULL AUTO_INCREMENT,
  `fr_value` varchar(50) COLLATE utf8_bin DEFAULT NULL,
  PRIMARY KEY (`fr_id`)
) ENGINE=InnoDB AUTO_INCREMENT=3 DEFAULT CHARSET=utf8 COLLATE=utf8_bin COMMENT='Франшиза';

-- Дамп данных таблицы ubercalc.franchise: ~2 rows (приблизительно)
/*!40000 ALTER TABLE `franchise` DISABLE KEYS */;
INSERT INTO `franchise` (`fr_id`, `fr_value`) VALUES
	(1, 'Условная'),
	(2, 'Безусловная');
/*!40000 ALTER TABLE `franchise` ENABLE KEYS */;


-- Дамп структуры для таблица ubercalc.klv_definition
DROP TABLE IF EXISTS `klv_definition`;
CREATE TABLE IF NOT EXISTS `klv_definition` (
  `id` int(10) NOT NULL AUTO_INCREMENT,
  `ldu_value` text COLLATE utf8_bin,
  `driver_age_down` int(10) DEFAULT NULL,
  `driver_age_up` int(10) DEFAULT NULL,
  `driver_exp_down` int(10) DEFAULT NULL,
  `driver_exp_up` int(10) DEFAULT NULL,
  `value` double NOT NULL DEFAULT '0',
  PRIMARY KEY (`id`)
) ENGINE=InnoDB AUTO_INCREMENT=21 DEFAULT CHARSET=utf8 COLLATE=utf8_bin COMMENT='Таблица с параметрами от которых зависит коэф klv. \r\n= соответствия значений klv параметрам ЛДУ, возраст водителя и стаж водителя';

-- Дамп данных таблицы ubercalc.klv_definition: ~19 rows (приблизительно)
/*!40000 ALTER TABLE `klv_definition` DISABLE KEYS */;
INSERT INTO `klv_definition` (`id`, `ldu_value`, `driver_age_down`, `driver_age_up`, `driver_exp_down`, `driver_exp_up`, `value`) VALUES
	(1, 'Без ограничений', NULL, NULL, NULL, NULL, 1),
	(3, 'Любые лица от 33 лет', NULL, NULL, NULL, NULL, 1),
	(4, NULL, 18, 23, 0, 2, 1.4),
	(5, NULL, 18, 23, 3, 5, 1.3),
	(6, NULL, 24, 27, 0, 2, 1.3),
	(7, NULL, 24, 27, 3, 5, 1.1),
	(8, NULL, 24, 27, 6, 9, 0.95),
	(9, NULL, 28, 32, 0, 2, 1.2),
	(10, NULL, 28, 32, 3, 5, 1.05),
	(11, NULL, 28, 32, 6, 9, 0.9),
	(12, NULL, 28, 32, 10, NULL, 0.85),
	(13, NULL, 33, 40, 0, 2, 1.1),
	(14, NULL, 33, 40, 3, 5, 1),
	(15, NULL, 33, 40, 6, 9, 0.85),
	(16, NULL, 33, 40, 10, NULL, 0.8),
	(17, NULL, 41, NULL, 0, 2, 1.15),
	(18, NULL, 41, NULL, 3, 5, 1),
	(19, NULL, 41, NULL, 6, 9, 0.85),
	(20, NULL, 41, NULL, 10, NULL, 0.8);
/*!40000 ALTER TABLE `klv_definition` ENABLE KEYS */;


-- Дамп структуры для таблица ubercalc.kp_description
DROP TABLE IF EXISTS `kp_description`;
CREATE TABLE IF NOT EXISTS `kp_description` (
  `id` int(10) unsigned NOT NULL AUTO_INCREMENT,
  `name` varchar(50) COLLATE utf8_bin DEFAULT NULL,
  PRIMARY KEY (`id`)
) ENGINE=InnoDB AUTO_INCREMENT=4 DEFAULT CHARSET=utf8 COLLATE=utf8_bin COMMENT='Коэффициент парковости';

-- Дамп данных таблицы ubercalc.kp_description: ~3 rows (приблизительно)
/*!40000 ALTER TABLE `kp_description` DISABLE KEYS */;
INSERT INTO `kp_description` (`id`, `name`) VALUES
	(1, '2-5 ТС'),
	(2, '6-9 ТС'),
	(3, '10 и выше');
/*!40000 ALTER TABLE `kp_description` ENABLE KEYS */;


-- Дамп структуры для таблица ubercalc.ksd_description
DROP TABLE IF EXISTS `ksd_description`;
CREATE TABLE IF NOT EXISTS `ksd_description` (
  `id` int(10) unsigned NOT NULL AUTO_INCREMENT,
  `name` varchar(50) COLLATE utf8_bin DEFAULT NULL,
  `value_days` int(11) DEFAULT NULL,
  `value_months` int(11) DEFAULT NULL,
  `value_years` int(11) DEFAULT NULL,
  `ksd` float DEFAULT NULL,
  PRIMARY KEY (`id`)
) ENGINE=InnoDB AUTO_INCREMENT=19 DEFAULT CHARSET=utf8 COLLATE=utf8_bin COMMENT='Описание коэффициента срока действия договора (ksd)';

-- Дамп данных таблицы ubercalc.ksd_description: ~15 rows (приблизительно)
/*!40000 ALTER TABLE `ksd_description` DISABLE KEYS */;
INSERT INTO `ksd_description` (`id`, `name`, `value_days`, `value_months`, `value_years`, `ksd`) VALUES
	(1, 'до 5-ти дней', 5, NULL, NULL, 0.05),
	(2, 'до 15-ти дней', 15, NULL, NULL, 0.1),
	(3, 'до 1-го месяца', NULL, 1, NULL, 0.2),
	(4, 'до 2-х месяцев', NULL, 2, NULL, 0.3),
	(5, 'до 3-х месяцев', NULL, 3, NULL, 0.4),
	(6, 'до 4-х месяцев', NULL, 4, NULL, 0.5),
	(7, 'до 5-ти месяцев', NULL, 5, NULL, 0.6),
	(8, 'до 6-ти месяцев', NULL, 6, NULL, 0.7),
	(9, 'до 7-ми месяцев', NULL, 7, NULL, 0.75),
	(10, 'до 8-ми месяцев', NULL, 8, NULL, 0.8),
	(11, 'до 9-ти месяцев', NULL, 9, NULL, 0.85),
	(12, 'до 10-ти месяцев', NULL, 10, NULL, 0.9),
	(13, 'до 11-ти месяцев', NULL, 11, NULL, 0.95),
	(17, 'до 12-ти месяцев', NULL, 12, NULL, 1),
	(18, 'до 2-х лет', NULL, NULL, 2, 2);
/*!40000 ALTER TABLE `ksd_description` ENABLE KEYS */;


-- Дамп структуры для таблица ubercalc.ksp_description
DROP TABLE IF EXISTS `ksp_description`;
CREATE TABLE IF NOT EXISTS `ksp_description` (
  `id` int(10) NOT NULL AUTO_INCREMENT,
  PRIMARY KEY (`id`)
) ENGINE=InnoDB DEFAULT CHARSET=utf8 COLLATE=utf8_bin COMMENT='Описание коэф. страховых продуктов';

-- Дамп данных таблицы ubercalc.ksp_description: ~0 rows (приблизительно)
/*!40000 ALTER TABLE `ksp_description` DISABLE KEYS */;
/*!40000 ALTER TABLE `ksp_description` ENABLE KEYS */;


-- Дамп структуры для таблица ubercalc.kvs_description
DROP TABLE IF EXISTS `kvs_description`;
CREATE TABLE IF NOT EXISTS `kvs_description` (
  `id` int(10) NOT NULL AUTO_INCREMENT,
  PRIMARY KEY (`id`)
) ENGINE=InnoDB DEFAULT CHARSET=utf8 COLLATE=utf8_bin COMMENT='Описание коэффициента и';

-- Дамп данных таблицы ubercalc.kvs_description: ~0 rows (приблизительно)
/*!40000 ALTER TABLE `kvs_description` DISABLE KEYS */;
/*!40000 ALTER TABLE `kvs_description` ENABLE KEYS */;


-- Дамп структуры для таблица ubercalc.ldu_quantity
DROP TABLE IF EXISTS `ldu_quantity`;
CREATE TABLE IF NOT EXISTS `ldu_quantity` (
  `id` int(10) unsigned NOT NULL AUTO_INCREMENT,
  `name` varchar(50) COLLATE utf8_bin DEFAULT NULL,
  PRIMARY KEY (`id`)
) ENGINE=InnoDB AUTO_INCREMENT=6 DEFAULT CHARSET=utf8 COLLATE=utf8_bin COMMENT='Количество ЛДУ (лиц допущенных к управлению)';

-- Дамп данных таблицы ubercalc.ldu_quantity: ~5 rows (приблизительно)
/*!40000 ALTER TABLE `ldu_quantity` DISABLE KEYS */;
INSERT INTO `ldu_quantity` (`id`, `name`) VALUES
	(1, 'Без ограничений'),
	(2, 'Не более 3-х водителей'),
	(3, '4 водителя'),
	(4, '5 водителей'),
	(5, 'Любые лица от 33 лет');
/*!40000 ALTER TABLE `ldu_quantity` ENABLE KEYS */;


-- Дамп структуры для таблица ubercalc.payments_without_references
DROP TABLE IF EXISTS `payments_without_references`;
CREATE TABLE IF NOT EXISTS `payments_without_references` (
  `id` int(10) unsigned NOT NULL AUTO_INCREMENT,
  `name` varchar(50) COLLATE utf8_bin DEFAULT NULL,
  PRIMARY KEY (`id`)
) ENGINE=InnoDB AUTO_INCREMENT=5 DEFAULT CHARSET=utf8 COLLATE=utf8_bin COMMENT='Выплаты без справок';

-- Дамп данных таблицы ubercalc.payments_without_references: ~4 rows (приблизительно)
/*!40000 ALTER TABLE `payments_without_references` DISABLE KEYS */;
INSERT INTO `payments_without_references` (`id`, `name`) VALUES
	(1, '1 раз за период страхования'),
	(2, '2 раза за период страхования'),
	(3, 'Не осуществляются (1 вариант)'),
	(4, 'Не осуществляются (2 вариант)');
/*!40000 ALTER TABLE `payments_without_references` ENABLE KEYS */;


-- Дамп структуры для таблица ubercalc.regres_limit_factor
DROP TABLE IF EXISTS `regres_limit_factor`;
CREATE TABLE IF NOT EXISTS `regres_limit_factor` (
  `id` int(10) unsigned NOT NULL AUTO_INCREMENT,
  `name` varchar(50) COLLATE utf8_bin DEFAULT NULL,
  PRIMARY KEY (`id`)
) ENGINE=InnoDB AUTO_INCREMENT=4 DEFAULT CHARSET=utf8 COLLATE=utf8_bin COMMENT='Коэффициент лимита возмещения, значения для дропдауна';

-- Дамп данных таблицы ubercalc.regres_limit_factor: ~3 rows (приблизительно)
/*!40000 ALTER TABLE `regres_limit_factor` DISABLE KEYS */;
INSERT INTO `regres_limit_factor` (`id`, `name`) VALUES
	(1, 'Неагрегатный лимит'),
	(2, 'Агрегатный лимит'),
	(3, 'До 1 страхового случая');
/*!40000 ALTER TABLE `regres_limit_factor` ENABLE KEYS */;


-- Дамп структуры для таблица ubercalc.tariff_coefficients
DROP TABLE IF EXISTS `tariff_coefficients`;
CREATE TABLE IF NOT EXISTS `tariff_coefficients` (
  `id` int(10) NOT NULL AUTO_INCREMENT,
  `TS_Group_Id` int(10) DEFAULT NULL,
  `TS_Producer_Id` int(10) DEFAULT NULL,
  `TS_Model_Id` int(10) DEFAULT NULL,
  `TS_Modification_Id` int(10) DEFAULT NULL,
  `Tariff_Program_Id` int(10) NOT NULL,
  `TS_Age` int(10) NOT NULL,
  `TS_Sum_Up` int(10) DEFAULT NULL,
  `TS_Sum_Down` int(10) DEFAULT NULL,
  `Risk_Id` int(10) NOT NULL,
  `Damage_Det_Type_Id` int(10) DEFAULT NULL,
  `Amortisation` bit(1) DEFAULT NULL,
  `Value` double NOT NULL,
  PRIMARY KEY (`id`)
) ENGINE=InnoDB AUTO_INCREMENT=1802 DEFAULT CHARSET=utf8 COLLATE=utf8_bin COMMENT='Коэффициенты базового тарифа';

-- Дамп данных таблицы ubercalc.tariff_coefficients: ~1 801 rows (приблизительно)
/*!40000 ALTER TABLE `tariff_coefficients` DISABLE KEYS */;
INSERT INTO `tariff_coefficients` (`id`, `TS_Group_Id`, `TS_Producer_Id`, `TS_Model_Id`, `TS_Modification_Id`, `Tariff_Program_Id`, `TS_Age`, `TS_Sum_Up`, `TS_Sum_Down`, `Risk_Id`, `Damage_Det_Type_Id`, `Amortisation`, `Value`) VALUES
	(1, 7, NULL, NULL, NULL, 1, 0, NULL, NULL, 1, 1, NULL, 6.1),
	(2, 7, NULL, NULL, NULL, 1, 1, NULL, NULL, 1, 1, NULL, 6.3),
	(3, 7, NULL, NULL, NULL, 1, 2, NULL, NULL, 1, 1, NULL, 6.6),
	(4, 7, NULL, NULL, NULL, 1, 3, NULL, NULL, 1, 1, NULL, 6.7),
	(5, 7, NULL, NULL, NULL, 1, 0, NULL, NULL, 1, NULL, NULL, 6.4),
	(6, 7, NULL, NULL, NULL, 1, 1, NULL, NULL, 1, NULL, NULL, 6.6),
	(7, 7, NULL, NULL, NULL, 1, 2, NULL, NULL, 1, NULL, NULL, 6.9),
	(8, 7, NULL, NULL, NULL, 1, 3, NULL, NULL, 1, NULL, NULL, 7),
	(9, 7, NULL, NULL, NULL, 1, 0, NULL, NULL, 1, 3, NULL, 7.2),
	(10, 7, NULL, NULL, NULL, 1, 1, NULL, NULL, 1, 3, NULL, 7.4),
	(11, 7, NULL, NULL, NULL, 1, 2, NULL, NULL, 1, 3, NULL, 7.7),
	(12, 7, NULL, NULL, NULL, 1, 3, NULL, NULL, 1, 3, NULL, 7.8),
	(13, 7, NULL, NULL, NULL, 1, 0, NULL, NULL, 2, 1, NULL, 5),
	(14, 7, NULL, NULL, NULL, 1, 1, NULL, NULL, 2, 1, NULL, 5.3),
	(15, 7, NULL, NULL, NULL, 1, 2, NULL, NULL, 2, 1, NULL, 5.6),
	(16, 7, NULL, NULL, NULL, 1, 3, NULL, NULL, 2, 1, NULL, 5.7),
	(17, 7, NULL, NULL, NULL, 1, 0, NULL, NULL, 2, NULL, NULL, 5.3),
	(18, 7, NULL, NULL, NULL, 1, 1, NULL, NULL, 2, NULL, NULL, 5.6),
	(19, 7, NULL, NULL, NULL, 1, 2, NULL, NULL, 2, NULL, NULL, 5.9),
	(20, 7, NULL, NULL, NULL, 1, 3, NULL, NULL, 2, NULL, NULL, 6),
	(21, 7, NULL, NULL, NULL, 1, 0, NULL, NULL, 2, 3, NULL, 6.1),
	(22, 7, NULL, NULL, NULL, 1, 1, NULL, NULL, 2, 3, NULL, 6.4),
	(23, 7, NULL, NULL, NULL, 1, 2, NULL, NULL, 2, 3, NULL, 6.7),
	(24, 7, NULL, NULL, NULL, 1, 3, NULL, NULL, 2, 3, NULL, 6.8),
	(25, 7, NULL, NULL, NULL, 2, 0, NULL, NULL, 1, 1, NULL, 5.8),
	(26, 7, NULL, NULL, NULL, 2, 1, NULL, NULL, 1, 1, NULL, 6),
	(27, 7, NULL, NULL, NULL, 2, 2, NULL, NULL, 1, 1, NULL, 6.3),
	(28, 7, NULL, NULL, NULL, 2, 3, NULL, NULL, 1, 1, NULL, 6.4),
	(29, 7, NULL, NULL, NULL, 2, 0, NULL, NULL, 1, NULL, NULL, 6),
	(30, 7, NULL, NULL, NULL, 2, 1, NULL, NULL, 1, NULL, NULL, 6.3),
	(31, 7, NULL, NULL, NULL, 2, 2, NULL, NULL, 1, NULL, NULL, 6.6),
	(32, 7, NULL, NULL, NULL, 2, 3, NULL, NULL, 1, NULL, NULL, 6.7),
	(33, 7, NULL, NULL, NULL, 2, 0, NULL, NULL, 1, 3, NULL, 6.7),
	(34, 7, NULL, NULL, NULL, 2, 1, NULL, NULL, 1, 3, NULL, 7),
	(35, 7, NULL, NULL, NULL, 2, 2, NULL, NULL, 1, 3, NULL, 7.3),
	(36, 7, NULL, NULL, NULL, 2, 3, NULL, NULL, 1, 3, NULL, 7.4),
	(37, 7, NULL, NULL, NULL, 2, 0, NULL, NULL, 2, 1, NULL, 4.8),
	(38, 7, NULL, NULL, NULL, 2, 1, NULL, NULL, 2, 1, NULL, 5),
	(39, 7, NULL, NULL, NULL, 2, 2, NULL, NULL, 2, 1, NULL, 5.3),
	(40, 7, NULL, NULL, NULL, 2, 3, NULL, NULL, 2, 1, NULL, 5.4),
	(41, 7, NULL, NULL, NULL, 2, 0, NULL, NULL, 2, NULL, NULL, 5),
	(42, 7, NULL, NULL, NULL, 2, 1, NULL, NULL, 2, NULL, NULL, 5.3),
	(43, 7, NULL, NULL, NULL, 2, 2, NULL, NULL, 2, NULL, NULL, 5.6),
	(44, 7, NULL, NULL, NULL, 2, 3, NULL, NULL, 2, NULL, NULL, 5.7),
	(45, 7, NULL, NULL, NULL, 2, 0, NULL, NULL, 2, 3, NULL, 5.7),
	(46, 7, NULL, NULL, NULL, 2, 1, NULL, NULL, 2, 3, NULL, 6),
	(47, 7, NULL, NULL, NULL, 2, 2, NULL, NULL, 2, 3, NULL, 6.3),
	(48, 7, NULL, NULL, NULL, 2, 3, NULL, NULL, 2, 3, NULL, 6.4),
	(49, 7, NULL, NULL, NULL, 3, 0, NULL, NULL, 1, 1, NULL, 6.4),
	(50, 7, NULL, NULL, NULL, 3, 1, NULL, NULL, 1, 1, NULL, 6.4),
	(51, 7, NULL, NULL, NULL, 3, 2, NULL, NULL, 1, 1, NULL, 6.4),
	(52, 7, NULL, NULL, NULL, 3, 3, NULL, NULL, 1, 1, NULL, 6.4),
	(53, 7, NULL, NULL, NULL, 3, 4, NULL, NULL, 1, 1, NULL, 6.4),
	(54, 7, NULL, NULL, NULL, 3, 5, NULL, NULL, 1, 1, NULL, 6.5),
	(55, 7, NULL, NULL, NULL, 3, 6, NULL, NULL, 1, 1, NULL, 6.7),
	(56, 7, NULL, NULL, NULL, 3, 7, NULL, NULL, 1, 1, NULL, 6.9),
	(57, 7, NULL, NULL, NULL, 3, 8, NULL, NULL, 1, 1, NULL, 7.4),
	(58, 7, NULL, NULL, NULL, 3, 9, NULL, NULL, 1, 1, NULL, 7.9),
	(59, 7, NULL, NULL, NULL, 3, 10, NULL, NULL, 1, 1, NULL, 8.4),
	(60, 7, NULL, NULL, NULL, 3, 0, NULL, NULL, 2, 1, NULL, 5.4),
	(61, 7, NULL, NULL, NULL, 3, 1, NULL, NULL, 2, 1, NULL, 5.4),
	(62, 7, NULL, NULL, NULL, 3, 2, NULL, NULL, 2, 1, NULL, 5.4),
	(63, 7, NULL, NULL, NULL, 3, 3, NULL, NULL, 2, 1, NULL, 5.4),
	(64, 7, NULL, NULL, NULL, 3, 4, NULL, NULL, 2, 1, NULL, 5.4),
	(65, 7, NULL, NULL, NULL, 3, 5, NULL, NULL, 2, 1, NULL, 5.5),
	(66, 7, NULL, NULL, NULL, 3, 6, NULL, NULL, 2, 1, NULL, 5.7),
	(67, 7, NULL, NULL, NULL, 3, 7, NULL, NULL, 2, 1, NULL, 6),
	(68, 7, NULL, NULL, NULL, 3, 8, NULL, NULL, 2, 1, NULL, 6.5),
	(69, 7, NULL, NULL, NULL, 3, 9, NULL, NULL, 2, 1, NULL, 7),
	(70, 7, NULL, NULL, NULL, 3, 10, NULL, NULL, 2, 1, NULL, 7.5),
	(71, 7, NULL, NULL, NULL, 5, 0, NULL, NULL, 1, 1, NULL, 3.5),
	(72, 7, NULL, NULL, NULL, 5, 1, NULL, NULL, 1, 1, NULL, 3.6),
	(73, 7, NULL, NULL, NULL, 5, 2, NULL, NULL, 1, 1, NULL, 3.7),
	(74, 7, NULL, NULL, NULL, 5, 3, NULL, NULL, 1, 1, NULL, 3.8),
	(75, 7, NULL, NULL, NULL, 5, 4, NULL, NULL, 1, 1, NULL, 3.9),
	(76, 7, NULL, NULL, NULL, 5, 5, NULL, NULL, 1, 1, NULL, 4.1),
	(77, 7, NULL, NULL, NULL, 5, 6, NULL, NULL, 1, 1, NULL, 4.3),
	(78, 7, NULL, NULL, NULL, 5, 7, NULL, NULL, 1, 1, NULL, 4.5),
	(79, 7, NULL, NULL, NULL, 5, 8, NULL, NULL, 1, 1, NULL, 4.8),
	(80, 7, NULL, NULL, NULL, 5, 9, NULL, NULL, 1, 1, NULL, 5.2),
	(81, 7, NULL, NULL, NULL, 5, 10, NULL, NULL, 1, 1, NULL, 5.4),
	(82, 8, NULL, NULL, NULL, 1, 0, NULL, NULL, 1, 1, NULL, 8.6),
	(83, 8, NULL, NULL, NULL, 1, 1, NULL, NULL, 1, 1, NULL, 8.9),
	(84, 8, NULL, NULL, NULL, 1, 2, NULL, NULL, 1, 1, NULL, 9.3),
	(85, 8, NULL, NULL, NULL, 1, 3, NULL, NULL, 1, 1, NULL, 9.4),
	(86, 8, NULL, NULL, NULL, 1, 0, NULL, NULL, 1, NULL, NULL, 9),
	(87, 8, NULL, NULL, NULL, 1, 1, NULL, NULL, 1, NULL, NULL, 9.3),
	(88, 8, NULL, NULL, NULL, 1, 2, NULL, NULL, 1, NULL, NULL, 9.7),
	(89, 8, NULL, NULL, NULL, 1, 3, NULL, NULL, 1, NULL, NULL, 9.9),
	(90, 8, NULL, NULL, NULL, 1, 0, NULL, NULL, 1, 3, NULL, 10),
	(91, 8, NULL, NULL, NULL, 1, 1, NULL, NULL, 1, 3, NULL, 10.4),
	(92, 8, NULL, NULL, NULL, 1, 2, NULL, NULL, 1, 3, NULL, 10.9),
	(93, 8, NULL, NULL, NULL, 1, 3, NULL, NULL, 1, 3, NULL, 11),
	(94, 8, NULL, NULL, NULL, 1, 0, NULL, NULL, 2, 1, NULL, 7.3),
	(95, 8, NULL, NULL, NULL, 1, 1, NULL, NULL, 2, 1, NULL, 7.7),
	(96, 8, NULL, NULL, NULL, 1, 2, NULL, NULL, 2, 1, NULL, 8.1),
	(97, 8, NULL, NULL, NULL, 1, 3, NULL, NULL, 2, 1, NULL, 8.2),
	(98, 8, NULL, NULL, NULL, 1, 0, NULL, NULL, 2, NULL, NULL, 7.7),
	(99, 8, NULL, NULL, NULL, 1, 1, NULL, NULL, 2, NULL, NULL, 8.1),
	(100, 8, NULL, NULL, NULL, 1, 2, NULL, NULL, 2, NULL, NULL, 8.5),
	(101, 8, NULL, NULL, NULL, 1, 3, NULL, NULL, 2, NULL, NULL, 8.7),
	(102, 8, NULL, NULL, NULL, 1, 0, NULL, NULL, 2, 3, NULL, 8.7),
	(103, 8, NULL, NULL, NULL, 1, 1, NULL, NULL, 2, 3, NULL, 9.2),
	(104, 8, NULL, NULL, NULL, 1, 2, NULL, NULL, 2, 3, NULL, 9.7),
	(105, 8, NULL, NULL, NULL, 1, 3, NULL, NULL, 2, 3, NULL, 9.8),
	(106, 8, NULL, NULL, NULL, 2, 0, NULL, NULL, 1, 1, NULL, 8),
	(107, 8, NULL, NULL, NULL, 2, 1, NULL, NULL, 1, 1, NULL, 8.4),
	(108, 8, NULL, NULL, NULL, 2, 2, NULL, NULL, 1, 1, NULL, 8.8),
	(109, 8, NULL, NULL, NULL, 2, 3, NULL, NULL, 1, 1, NULL, 8.9),
	(110, 8, NULL, NULL, NULL, 2, 0, NULL, NULL, 1, NULL, NULL, 8.4),
	(111, 8, NULL, NULL, NULL, 2, 1, NULL, NULL, 1, NULL, NULL, 8.8),
	(112, 8, NULL, NULL, NULL, 2, 2, NULL, NULL, 1, NULL, NULL, 9.2),
	(113, 8, NULL, NULL, NULL, 2, 3, NULL, NULL, 1, NULL, NULL, 9.3),
	(114, 8, NULL, NULL, NULL, 2, 0, NULL, NULL, 1, 3, NULL, 9.5),
	(115, 8, NULL, NULL, NULL, 2, 1, NULL, NULL, 1, 3, NULL, 9.9),
	(116, 8, NULL, NULL, NULL, 2, 2, NULL, NULL, 1, 3, NULL, 10.3),
	(117, 8, NULL, NULL, NULL, 2, 3, NULL, NULL, 1, 3, NULL, 10.5),
	(118, 8, NULL, NULL, NULL, 2, 0, NULL, NULL, 2, 1, NULL, 6.9),
	(119, 8, NULL, NULL, NULL, 2, 1, NULL, NULL, 2, 1, NULL, 7.3),
	(120, 8, NULL, NULL, NULL, 2, 2, NULL, NULL, 2, 1, NULL, 7.7),
	(121, 8, NULL, NULL, NULL, 2, 3, NULL, NULL, 2, 1, NULL, 7.8),
	(122, 8, NULL, NULL, NULL, 2, 0, NULL, NULL, 2, NULL, NULL, 7.3),
	(123, 8, NULL, NULL, NULL, 2, 1, NULL, NULL, 2, NULL, NULL, 7.7),
	(124, 8, NULL, NULL, NULL, 2, 2, NULL, NULL, 2, NULL, NULL, 8.1),
	(125, 8, NULL, NULL, NULL, 2, 3, NULL, NULL, 2, NULL, NULL, 8.2),
	(126, 8, NULL, NULL, NULL, 2, 0, NULL, NULL, 2, 3, NULL, 8.4),
	(127, 8, NULL, NULL, NULL, 2, 1, NULL, NULL, 2, 3, NULL, 8.8),
	(128, 8, NULL, NULL, NULL, 2, 2, NULL, NULL, 2, 3, NULL, 9.2),
	(129, 8, NULL, NULL, NULL, 2, 3, NULL, NULL, 2, 3, NULL, 9.4),
	(130, 8, NULL, NULL, NULL, 3, 0, NULL, NULL, 1, 1, NULL, 9),
	(131, 8, NULL, NULL, NULL, 3, 1, NULL, NULL, 1, 1, NULL, 9),
	(132, 8, NULL, NULL, NULL, 3, 2, NULL, NULL, 1, 1, NULL, 9),
	(133, 8, NULL, NULL, NULL, 3, 3, NULL, NULL, 1, 1, NULL, 9),
	(134, 8, NULL, NULL, NULL, 3, 4, NULL, NULL, 1, 1, NULL, 9),
	(135, 8, NULL, NULL, NULL, 3, 5, NULL, NULL, 1, 1, NULL, 9.2),
	(136, 8, NULL, NULL, NULL, 3, 6, NULL, NULL, 1, 1, NULL, 9.4),
	(137, 8, NULL, NULL, NULL, 3, 7, NULL, NULL, 1, 1, NULL, 9.8),
	(138, 8, NULL, NULL, NULL, 3, 8, NULL, NULL, 1, 1, NULL, 10.4),
	(139, 8, NULL, NULL, NULL, 3, 9, NULL, NULL, 1, 1, NULL, 11.2),
	(140, 8, NULL, NULL, NULL, 3, 10, NULL, NULL, 1, 1, NULL, 12),
	(141, 8, NULL, NULL, NULL, 3, 0, NULL, NULL, 2, 1, NULL, 8),
	(142, 8, NULL, NULL, NULL, 3, 1, NULL, NULL, 2, 1, NULL, 8),
	(143, 8, NULL, NULL, NULL, 3, 2, NULL, NULL, 2, 1, NULL, 8),
	(144, 8, NULL, NULL, NULL, 3, 3, NULL, NULL, 2, 1, NULL, 8),
	(145, 8, NULL, NULL, NULL, 3, 4, NULL, NULL, 2, 1, NULL, 8),
	(146, 8, NULL, NULL, NULL, 3, 5, NULL, NULL, 2, 1, NULL, 8.2),
	(147, 8, NULL, NULL, NULL, 3, 6, NULL, NULL, 2, 1, NULL, 8.4),
	(148, 8, NULL, NULL, NULL, 3, 7, NULL, NULL, 2, 1, NULL, 8.8),
	(149, 8, NULL, NULL, NULL, 3, 8, NULL, NULL, 2, 1, NULL, 9.4),
	(150, 8, NULL, NULL, NULL, 3, 9, NULL, NULL, 2, 1, NULL, 10.2),
	(151, 8, NULL, NULL, NULL, 3, 10, NULL, NULL, 2, 1, NULL, 11),
	(152, 8, NULL, NULL, NULL, 5, 0, NULL, NULL, 1, 1, NULL, 4.9),
	(153, 8, NULL, NULL, NULL, 5, 1, NULL, NULL, 1, 1, NULL, 5.1),
	(154, 8, NULL, NULL, NULL, 5, 2, NULL, NULL, 1, 1, NULL, 5.3),
	(155, 8, NULL, NULL, NULL, 5, 3, NULL, NULL, 1, 1, NULL, 5.4),
	(156, 8, NULL, NULL, NULL, 5, 4, NULL, NULL, 1, 1, NULL, 5.5),
	(157, 8, NULL, NULL, NULL, 5, 5, NULL, NULL, 1, 1, NULL, 5.8),
	(158, 8, NULL, NULL, NULL, 5, 6, NULL, NULL, 1, 1, NULL, 6.1),
	(159, 8, NULL, NULL, NULL, 5, 7, NULL, NULL, 1, 1, NULL, 6.5),
	(160, 8, NULL, NULL, NULL, 5, 8, NULL, NULL, 1, 1, NULL, 6.9),
	(161, 8, NULL, NULL, NULL, 5, 9, NULL, NULL, 1, 1, NULL, 7.3),
	(162, 8, NULL, NULL, NULL, 5, 10, NULL, NULL, 1, 1, NULL, 7.8),
	(163, 9, NULL, NULL, NULL, 1, 0, NULL, NULL, 1, 1, NULL, 7.2),
	(164, 9, NULL, NULL, NULL, 1, 1, NULL, NULL, 1, 1, NULL, 7.4),
	(165, 9, NULL, NULL, NULL, 1, 2, NULL, NULL, 1, 1, NULL, 7.7),
	(166, 9, NULL, NULL, NULL, 1, 3, NULL, NULL, 1, 1, NULL, 7.8),
	(167, 9, NULL, NULL, NULL, 1, 0, NULL, NULL, 1, NULL, NULL, 7.5),
	(168, 9, NULL, NULL, NULL, 1, 1, NULL, NULL, 1, NULL, NULL, 7.7),
	(169, 9, NULL, NULL, NULL, 1, 2, NULL, NULL, 1, NULL, NULL, 8),
	(170, 9, NULL, NULL, NULL, 1, 3, NULL, NULL, 1, NULL, NULL, 8.1),
	(171, 9, NULL, NULL, NULL, 1, 0, NULL, NULL, 1, 3, NULL, 8.3),
	(172, 9, NULL, NULL, NULL, 1, 1, NULL, NULL, 1, 3, NULL, 8.5),
	(173, 9, NULL, NULL, NULL, 1, 2, NULL, NULL, 1, 3, NULL, 8.8),
	(174, 9, NULL, NULL, NULL, 1, 3, NULL, NULL, 1, 3, NULL, 9),
	(175, 9, NULL, NULL, NULL, 1, 0, NULL, NULL, 2, 1, NULL, 5.3),
	(176, 9, NULL, NULL, NULL, 1, 1, NULL, NULL, 2, 1, NULL, 5.6),
	(177, 9, NULL, NULL, NULL, 1, 2, NULL, NULL, 2, 1, NULL, 5.9),
	(178, 9, NULL, NULL, NULL, 1, 3, NULL, NULL, 2, 1, NULL, 6),
	(179, 9, NULL, NULL, NULL, 1, 0, NULL, NULL, 2, NULL, NULL, 5.6),
	(180, 9, NULL, NULL, NULL, 1, 1, NULL, NULL, 2, NULL, NULL, 5.9),
	(181, 9, NULL, NULL, NULL, 1, 2, NULL, NULL, 2, NULL, NULL, 6.2),
	(182, 9, NULL, NULL, NULL, 1, 3, NULL, NULL, 2, NULL, NULL, 6.3),
	(183, 9, NULL, NULL, NULL, 1, 0, NULL, NULL, 2, 3, NULL, 6.4),
	(184, 9, NULL, NULL, NULL, 1, 1, NULL, NULL, 2, 3, NULL, 6.7),
	(185, 9, NULL, NULL, NULL, 1, 2, NULL, NULL, 2, 3, NULL, 7),
	(186, 9, NULL, NULL, NULL, 1, 3, NULL, NULL, 2, 3, NULL, 7.2),
	(187, 9, NULL, NULL, NULL, 2, 0, NULL, NULL, 1, 1, NULL, 6.9),
	(188, 9, NULL, NULL, NULL, 2, 1, NULL, NULL, 1, 1, NULL, 7),
	(189, 9, NULL, NULL, NULL, 2, 2, NULL, NULL, 1, 1, NULL, 7.3),
	(190, 9, NULL, NULL, NULL, 2, 3, NULL, NULL, 1, 1, NULL, 7.4),
	(191, 9, NULL, NULL, NULL, 2, 0, NULL, NULL, 1, NULL, NULL, 7.1),
	(192, 9, NULL, NULL, NULL, 2, 1, NULL, NULL, 1, NULL, NULL, 7.3),
	(193, 9, NULL, NULL, NULL, 2, 2, NULL, NULL, 1, NULL, NULL, 7.6),
	(194, 9, NULL, NULL, NULL, 2, 3, NULL, NULL, 1, NULL, NULL, 7.7),
	(195, 9, NULL, NULL, NULL, 2, 0, NULL, NULL, 1, 3, NULL, 7.9),
	(196, 9, NULL, NULL, NULL, 2, 1, NULL, NULL, 1, 3, NULL, 8.1),
	(197, 9, NULL, NULL, NULL, 2, 2, NULL, NULL, 1, 3, NULL, 8.4),
	(198, 9, NULL, NULL, NULL, 2, 3, NULL, NULL, 1, 3, NULL, 8.5),
	(199, 9, NULL, NULL, NULL, 2, 0, NULL, NULL, 2, 1, NULL, 5.1),
	(200, 9, NULL, NULL, NULL, 2, 1, NULL, NULL, 2, 1, NULL, 5.3),
	(201, 9, NULL, NULL, NULL, 2, 2, NULL, NULL, 2, 1, NULL, 5.6),
	(202, 9, NULL, NULL, NULL, 2, 3, NULL, NULL, 2, 1, NULL, 5.7),
	(203, 9, NULL, NULL, NULL, 2, 0, NULL, NULL, 2, NULL, NULL, 5.3),
	(204, 9, NULL, NULL, NULL, 2, 1, NULL, NULL, 2, NULL, NULL, 5.6),
	(205, 9, NULL, NULL, NULL, 2, 2, NULL, NULL, 2, NULL, NULL, 5.9),
	(206, 9, NULL, NULL, NULL, 2, 3, NULL, NULL, 2, NULL, NULL, 6),
	(207, 9, NULL, NULL, NULL, 2, 0, NULL, NULL, 2, 3, NULL, 6.1),
	(208, 9, NULL, NULL, NULL, 2, 1, NULL, NULL, 2, 3, NULL, 6.4),
	(209, 9, NULL, NULL, NULL, 2, 2, NULL, NULL, 2, 3, NULL, 6.7),
	(210, 9, NULL, NULL, NULL, 2, 3, NULL, NULL, 2, 3, NULL, 6.8),
	(211, 9, NULL, NULL, NULL, 3, 0, NULL, NULL, 1, 1, NULL, 7.4),
	(212, 9, NULL, NULL, NULL, 3, 1, NULL, NULL, 1, 1, NULL, 7.4),
	(213, 9, NULL, NULL, NULL, 3, 2, NULL, NULL, 1, 1, NULL, 7.4),
	(214, 9, NULL, NULL, NULL, 3, 3, NULL, NULL, 1, 1, NULL, 7.4),
	(215, 9, NULL, NULL, NULL, 3, 4, NULL, NULL, 1, 1, NULL, 7.4),
	(216, 9, NULL, NULL, NULL, 3, 5, NULL, NULL, 1, 1, NULL, 7.6),
	(217, 9, NULL, NULL, NULL, 3, 6, NULL, NULL, 1, 1, NULL, 7.8),
	(218, 9, NULL, NULL, NULL, 3, 7, NULL, NULL, 1, 1, NULL, 8),
	(219, 9, NULL, NULL, NULL, 3, 8, NULL, NULL, 1, 1, NULL, 8.5),
	(220, 9, NULL, NULL, NULL, 3, 9, NULL, NULL, 1, 1, NULL, 9),
	(221, 9, NULL, NULL, NULL, 3, 10, NULL, NULL, 1, 1, NULL, 9.6),
	(222, 9, NULL, NULL, NULL, 3, 0, NULL, NULL, 2, 1, NULL, 5.7),
	(223, 9, NULL, NULL, NULL, 3, 1, NULL, NULL, 2, 1, NULL, 5.7),
	(224, 9, NULL, NULL, NULL, 3, 2, NULL, NULL, 2, 1, NULL, 5.7),
	(225, 9, NULL, NULL, NULL, 3, 3, NULL, NULL, 2, 1, NULL, 5.7),
	(226, 9, NULL, NULL, NULL, 3, 4, NULL, NULL, 2, 1, NULL, 5.7),
	(227, 9, NULL, NULL, NULL, 3, 5, NULL, NULL, 2, 1, NULL, 5.8),
	(228, 9, NULL, NULL, NULL, 3, 6, NULL, NULL, 2, 1, NULL, 6),
	(229, 9, NULL, NULL, NULL, 3, 7, NULL, NULL, 2, 1, NULL, 6.4),
	(230, 9, NULL, NULL, NULL, 3, 8, NULL, NULL, 2, 1, NULL, 6.9),
	(231, 9, NULL, NULL, NULL, 3, 9, NULL, NULL, 2, 1, NULL, 7.4),
	(232, 9, NULL, NULL, NULL, 3, 10, NULL, NULL, 2, 1, NULL, 8),
	(233, 9, NULL, NULL, NULL, 4, 0, NULL, NULL, 1, 1, NULL, 7.2),
	(234, 9, NULL, NULL, NULL, 4, 1, NULL, NULL, 1, 1, NULL, 7.4),
	(235, 9, NULL, NULL, NULL, 4, 2, NULL, NULL, 1, 1, NULL, 7.7),
	(236, 9, NULL, NULL, NULL, 4, 3, NULL, NULL, 1, 1, NULL, 7.8),
	(237, 9, NULL, NULL, NULL, 4, 0, NULL, NULL, 1, NULL, NULL, 7.5),
	(238, 9, NULL, NULL, NULL, 4, 1, NULL, NULL, 1, NULL, NULL, 7.7),
	(239, 9, NULL, NULL, NULL, 4, 2, NULL, NULL, 1, NULL, NULL, 8),
	(240, 9, NULL, NULL, NULL, 4, 3, NULL, NULL, 1, NULL, NULL, 8.1),
	(241, 9, NULL, NULL, NULL, 4, 0, NULL, NULL, 1, 3, NULL, 8.3),
	(242, 9, NULL, NULL, NULL, 4, 1, NULL, NULL, 1, 3, NULL, 8.5),
	(243, 9, NULL, NULL, NULL, 4, 2, NULL, NULL, 1, 3, NULL, 8.8),
	(244, 9, NULL, NULL, NULL, 4, 3, NULL, NULL, 1, 3, NULL, 9),
	(245, 9, NULL, NULL, NULL, 5, 0, NULL, NULL, 1, 1, NULL, 4.1),
	(246, 9, NULL, NULL, NULL, 5, 1, NULL, NULL, 1, 1, NULL, 4.2),
	(247, 9, NULL, NULL, NULL, 5, 2, NULL, NULL, 1, 1, NULL, 4.4),
	(248, 9, NULL, NULL, NULL, 5, 3, NULL, NULL, 1, 1, NULL, 4.4),
	(249, 9, NULL, NULL, NULL, 5, 4, NULL, NULL, 1, 1, NULL, 4.5),
	(250, 9, NULL, NULL, NULL, 5, 5, NULL, NULL, 1, 1, NULL, 4.7),
	(251, 9, NULL, NULL, NULL, 5, 6, NULL, NULL, 1, 1, NULL, 4.8),
	(252, 9, NULL, NULL, NULL, 5, 7, NULL, NULL, 1, 1, NULL, 5.1),
	(253, 9, NULL, NULL, NULL, 5, 8, NULL, NULL, 1, 1, NULL, 5.4),
	(254, 9, NULL, NULL, NULL, 5, 9, NULL, NULL, 1, 1, NULL, 5.8),
	(255, 9, NULL, NULL, NULL, 5, 10, NULL, NULL, 1, 1, NULL, 6.1),
	(256, NULL, NULL, NULL, NULL, 1, 0, 400000, NULL, 1, 1, NULL, 7.3),
	(257, NULL, NULL, NULL, NULL, 1, 1, 400000, NULL, 1, 1, NULL, 7.6),
	(258, NULL, NULL, NULL, NULL, 1, 2, 400000, NULL, 1, 1, NULL, 7.8),
	(259, NULL, NULL, NULL, NULL, 1, 3, 400000, NULL, 1, 1, NULL, 8.1),
	(260, NULL, NULL, NULL, NULL, 1, 4, 400000, NULL, 1, 1, NULL, 8.3),
	(261, NULL, NULL, NULL, NULL, 1, 0, 400000, NULL, 1, NULL, NULL, 7.6),
	(262, NULL, NULL, NULL, NULL, 1, 1, 400000, NULL, 1, NULL, NULL, 7.8),
	(263, NULL, NULL, NULL, NULL, 1, 2, 400000, NULL, 1, NULL, NULL, 8.1),
	(264, NULL, NULL, NULL, NULL, 1, 3, 400000, NULL, 1, NULL, NULL, 8.4),
	(265, NULL, NULL, NULL, NULL, 1, 4, 400000, NULL, 1, NULL, NULL, 8.6),
	(266, NULL, NULL, NULL, NULL, 1, 0, 400000, NULL, 1, 3, NULL, 8.4),
	(267, NULL, NULL, NULL, NULL, 1, 1, 400000, NULL, 1, 3, NULL, 8.7),
	(268, NULL, NULL, NULL, NULL, 1, 2, 400000, NULL, 1, 3, NULL, 9),
	(269, NULL, NULL, NULL, NULL, 1, 3, 400000, NULL, 1, 3, NULL, 9.4),
	(270, NULL, NULL, NULL, NULL, 1, 4, 400000, NULL, 1, 3, NULL, 9.7),
	(271, NULL, NULL, NULL, NULL, 1, 0, 400000, NULL, 2, 1, NULL, 5.4),
	(272, NULL, NULL, NULL, NULL, 1, 1, 400000, NULL, 2, 1, NULL, 5.8),
	(273, NULL, NULL, NULL, NULL, 1, 2, 400000, NULL, 2, 1, NULL, 6.1),
	(274, NULL, NULL, NULL, NULL, 1, 3, 400000, NULL, 2, 1, NULL, 6.4),
	(275, NULL, NULL, NULL, NULL, 1, 4, 400000, NULL, 2, 1, NULL, 6.7),
	(276, NULL, NULL, NULL, NULL, 1, 0, 400000, NULL, 2, NULL, NULL, 5.7),
	(277, NULL, NULL, NULL, NULL, 1, 1, 400000, NULL, 2, NULL, NULL, 6),
	(278, NULL, NULL, NULL, NULL, 1, 2, 400000, NULL, 2, NULL, NULL, 6.4),
	(279, NULL, NULL, NULL, NULL, 1, 3, 400000, NULL, 2, NULL, NULL, 6.7),
	(280, NULL, NULL, NULL, NULL, 1, 4, 400000, NULL, 2, NULL, NULL, 7),
	(281, NULL, NULL, NULL, NULL, 1, 0, 400000, NULL, 2, 3, NULL, 6.5),
	(282, NULL, NULL, NULL, NULL, 1, 1, 400000, NULL, 2, 3, NULL, 6.9),
	(283, NULL, NULL, NULL, NULL, 1, 2, 400000, NULL, 2, 3, NULL, 7.3),
	(284, NULL, NULL, NULL, NULL, 1, 3, 400000, NULL, 2, 3, NULL, 7.7),
	(285, NULL, NULL, NULL, NULL, 1, 4, 400000, NULL, 2, 3, NULL, 8.1),
	(286, NULL, NULL, NULL, NULL, 2, 0, 400000, NULL, 1, 1, NULL, 6.7),
	(287, NULL, NULL, NULL, NULL, 2, 1, 400000, NULL, 1, 1, NULL, 6.9),
	(288, NULL, NULL, NULL, NULL, 2, 2, 400000, NULL, 1, 1, NULL, 7.1),
	(289, NULL, NULL, NULL, NULL, 2, 3, 400000, NULL, 1, 1, NULL, 7.3),
	(290, NULL, NULL, NULL, NULL, 2, 4, 400000, NULL, 1, 1, NULL, 7.5),
	(291, NULL, NULL, NULL, NULL, 2, 0, 400000, NULL, 1, NULL, NULL, 6.8),
	(292, NULL, NULL, NULL, NULL, 2, 1, 400000, NULL, 1, NULL, NULL, 7.2),
	(293, NULL, NULL, NULL, NULL, 2, 2, 400000, NULL, 1, NULL, NULL, 7.4),
	(294, NULL, NULL, NULL, NULL, 2, 3, 400000, NULL, 1, NULL, NULL, 7.6),
	(295, NULL, NULL, NULL, NULL, 2, 4, 400000, NULL, 1, NULL, NULL, 7.8),
	(296, NULL, NULL, NULL, NULL, 2, 0, 400000, NULL, 1, 3, NULL, 7.6),
	(297, NULL, NULL, NULL, NULL, 2, 1, 400000, NULL, 1, 3, NULL, 8),
	(298, NULL, NULL, NULL, NULL, 2, 2, 400000, NULL, 1, 3, NULL, 8.2),
	(299, NULL, NULL, NULL, NULL, 2, 3, 400000, NULL, 1, 3, NULL, 8.5),
	(300, NULL, NULL, NULL, NULL, 2, 4, 400000, NULL, 1, 3, NULL, 8.7),
	(301, NULL, NULL, NULL, NULL, 2, 0, 400000, NULL, 2, 1, NULL, 4.9),
	(302, NULL, NULL, NULL, NULL, 2, 1, 400000, NULL, 2, 1, NULL, 5.2),
	(303, NULL, NULL, NULL, NULL, 2, 2, 400000, NULL, 2, 1, NULL, 5.5),
	(304, NULL, NULL, NULL, NULL, 2, 3, 400000, NULL, 2, 1, NULL, 5.8),
	(305, NULL, NULL, NULL, NULL, 2, 4, 400000, NULL, 2, 1, NULL, 6.1),
	(306, NULL, NULL, NULL, NULL, 2, 0, 400000, NULL, 2, NULL, NULL, 5.1),
	(307, NULL, NULL, NULL, NULL, 2, 1, 400000, NULL, 2, NULL, NULL, 5.5),
	(308, NULL, NULL, NULL, NULL, 2, 2, 400000, NULL, 2, NULL, NULL, 5.8),
	(309, NULL, NULL, NULL, NULL, 2, 3, 400000, NULL, 2, NULL, NULL, 6.1),
	(310, NULL, NULL, NULL, NULL, 2, 4, 400000, NULL, 2, NULL, NULL, 6.4),
	(311, NULL, NULL, NULL, NULL, 2, 0, 400000, NULL, 2, 3, NULL, 5.9),
	(312, NULL, NULL, NULL, NULL, 2, 1, 400000, NULL, 2, 3, NULL, 6.3),
	(313, NULL, NULL, NULL, NULL, 2, 2, 400000, NULL, 2, 3, NULL, 6.6),
	(314, NULL, NULL, NULL, NULL, 2, 3, 400000, NULL, 2, 3, NULL, 6.9),
	(315, NULL, NULL, NULL, NULL, 2, 4, 400000, NULL, 2, 3, NULL, 7.3),
	(316, NULL, NULL, NULL, NULL, 3, 0, 400000, NULL, 1, 1, NULL, 7.7),
	(317, NULL, NULL, NULL, NULL, 3, 1, 400000, NULL, 1, 1, NULL, 7.7),
	(318, NULL, NULL, NULL, NULL, 3, 2, 400000, NULL, 1, 1, NULL, 7.7),
	(319, NULL, NULL, NULL, NULL, 3, 3, 400000, NULL, 1, 1, NULL, 7.7),
	(320, NULL, NULL, NULL, NULL, 3, 4, 400000, NULL, 1, 1, NULL, 7.7),
	(321, NULL, NULL, NULL, NULL, 3, 5, 400000, NULL, 1, 1, NULL, 7.7),
	(322, NULL, NULL, NULL, NULL, 3, 6, 400000, NULL, 1, 1, NULL, 7.8),
	(323, NULL, NULL, NULL, NULL, 3, 7, 400000, NULL, 1, 1, NULL, 8.3),
	(324, NULL, NULL, NULL, NULL, 3, 8, 400000, NULL, 1, 1, NULL, 8.8),
	(325, NULL, NULL, NULL, NULL, 3, 9, 400000, NULL, 1, 1, NULL, 9.2),
	(326, NULL, NULL, NULL, NULL, 3, 10, 400000, NULL, 1, 1, NULL, 9.8),
	(327, NULL, NULL, NULL, NULL, 3, 0, 400000, NULL, 2, 1, NULL, 6.3),
	(328, NULL, NULL, NULL, NULL, 3, 1, 400000, NULL, 2, 1, NULL, 6.3),
	(329, NULL, NULL, NULL, NULL, 3, 2, 400000, NULL, 2, 1, NULL, 6.3),
	(330, NULL, NULL, NULL, NULL, 3, 3, 400000, NULL, 2, 1, NULL, 6.3),
	(331, NULL, NULL, NULL, NULL, 3, 4, 400000, NULL, 2, 1, NULL, 6.3),
	(332, NULL, NULL, NULL, NULL, 3, 5, 400000, NULL, 2, 1, NULL, 6.3),
	(333, NULL, NULL, NULL, NULL, 3, 6, 400000, NULL, 2, 1, NULL, 6.4),
	(334, NULL, NULL, NULL, NULL, 3, 7, 400000, NULL, 2, 1, NULL, 6.9),
	(335, NULL, NULL, NULL, NULL, 3, 8, 400000, NULL, 2, 1, NULL, 7.4),
	(336, NULL, NULL, NULL, NULL, 3, 9, 400000, NULL, 2, 1, NULL, 7.9),
	(337, NULL, NULL, NULL, NULL, 3, 10, 400000, NULL, 2, 1, NULL, 8.5),
	(338, NULL, NULL, NULL, NULL, 4, 0, 400000, NULL, 1, 1, NULL, 7.3),
	(339, NULL, NULL, NULL, NULL, 4, 1, 400000, NULL, 1, 1, NULL, 7.6),
	(340, NULL, NULL, NULL, NULL, 4, 2, 400000, NULL, 1, 1, NULL, 7.8),
	(341, NULL, NULL, NULL, NULL, 4, 3, 400000, NULL, 1, 1, NULL, 8.1),
	(342, NULL, NULL, NULL, NULL, 4, 4, 400000, NULL, 1, 1, NULL, 8.3),
	(343, NULL, NULL, NULL, NULL, 4, 0, 400000, NULL, 1, NULL, NULL, 7.6),
	(344, NULL, NULL, NULL, NULL, 4, 1, 400000, NULL, 1, NULL, NULL, 7.8),
	(345, NULL, NULL, NULL, NULL, 4, 2, 400000, NULL, 1, NULL, NULL, 8.1),
	(346, NULL, NULL, NULL, NULL, 4, 3, 400000, NULL, 1, NULL, NULL, 8.4),
	(347, NULL, NULL, NULL, NULL, 4, 4, 400000, NULL, 1, NULL, NULL, 8.6),
	(348, NULL, NULL, NULL, NULL, 4, 0, 400000, NULL, 1, 3, NULL, 8.4),
	(349, NULL, NULL, NULL, NULL, 4, 1, 400000, NULL, 1, 3, NULL, 8.7),
	(350, NULL, NULL, NULL, NULL, 4, 2, 400000, NULL, 1, 3, NULL, 9),
	(351, NULL, NULL, NULL, NULL, 4, 3, 400000, NULL, 1, 3, NULL, 9.4),
	(352, NULL, NULL, NULL, NULL, 4, 4, 400000, NULL, 1, 3, NULL, 9.7),
	(353, NULL, NULL, NULL, NULL, 5, 0, 400000, NULL, 1, 1, NULL, 4.3),
	(354, NULL, NULL, NULL, NULL, 5, 1, 400000, NULL, 1, 1, NULL, 4.4),
	(355, NULL, NULL, NULL, NULL, 5, 2, 400000, NULL, 1, 1, NULL, 4.6),
	(356, NULL, NULL, NULL, NULL, 5, 3, 400000, NULL, 1, 1, NULL, 4.7),
	(357, NULL, NULL, NULL, NULL, 5, 4, 400000, NULL, 1, 1, NULL, 4.9),
	(358, NULL, NULL, NULL, NULL, 5, 5, 400000, NULL, 1, 1, NULL, 5),
	(359, NULL, NULL, NULL, NULL, 5, 6, 400000, NULL, 1, 1, NULL, 5.2),
	(360, NULL, NULL, NULL, NULL, 5, 7, 400000, NULL, 1, 1, NULL, 5.5),
	(361, NULL, NULL, NULL, NULL, 5, 8, 400000, NULL, 1, 1, NULL, 5.9),
	(362, NULL, NULL, NULL, NULL, 5, 9, 400000, NULL, 1, 1, NULL, 6.1),
	(363, NULL, NULL, NULL, NULL, 5, 10, 400000, NULL, 1, 1, NULL, 6.5),
	(364, NULL, NULL, NULL, NULL, 1, 0, 800000, 400001, 1, 1, NULL, 7.2),
	(365, NULL, NULL, NULL, NULL, 1, 1, 800000, 400001, 1, 1, NULL, 7.4),
	(366, NULL, NULL, NULL, NULL, 1, 2, 800000, 400001, 1, 1, NULL, 7.6),
	(367, NULL, NULL, NULL, NULL, 1, 3, 800000, 400001, 1, 1, NULL, 7.9),
	(368, NULL, NULL, NULL, NULL, 1, 4, 800000, 400001, 1, 1, NULL, 8.1),
	(369, NULL, NULL, NULL, NULL, 1, 0, 800000, 400001, 1, NULL, NULL, 7.4),
	(370, NULL, NULL, NULL, NULL, 1, 1, 800000, 400001, 1, NULL, NULL, 7.7),
	(371, NULL, NULL, NULL, NULL, 1, 2, 800000, 400001, 1, NULL, NULL, 7.9),
	(372, NULL, NULL, NULL, NULL, 1, 3, 800000, 400001, 1, NULL, NULL, 8.2),
	(373, NULL, NULL, NULL, NULL, 1, 4, 800000, 400001, 1, NULL, NULL, 8.4),
	(374, NULL, NULL, NULL, NULL, 1, 0, 800000, 400001, 1, 3, NULL, 8.2),
	(375, NULL, NULL, NULL, NULL, 1, 1, 800000, 400001, 1, 3, NULL, 8.5),
	(376, NULL, NULL, NULL, NULL, 1, 2, 800000, 400001, 1, 3, NULL, 8.7),
	(377, NULL, NULL, NULL, NULL, 1, 3, 800000, 400001, 1, 3, NULL, 9.1),
	(378, NULL, NULL, NULL, NULL, 1, 4, 800000, 400001, 1, 3, NULL, 9.4),
	(379, NULL, NULL, NULL, NULL, 1, 0, 800000, 400001, 2, 1, NULL, 5.2),
	(380, NULL, NULL, NULL, NULL, 1, 1, 800000, 400001, 2, 1, NULL, 5.5),
	(381, NULL, NULL, NULL, NULL, 1, 2, 800000, 400001, 2, 1, NULL, 5.8),
	(382, NULL, NULL, NULL, NULL, 1, 3, 800000, 400001, 2, 1, NULL, 6.1),
	(383, NULL, NULL, NULL, NULL, 1, 4, 800000, 400001, 2, 1, NULL, 6.4),
	(384, NULL, NULL, NULL, NULL, 1, 0, 800000, 400001, 2, NULL, NULL, 5.4),
	(385, NULL, NULL, NULL, NULL, 1, 1, 800000, 400001, 2, NULL, NULL, 5.8),
	(386, NULL, NULL, NULL, NULL, 1, 2, 800000, 400001, 2, NULL, NULL, 6.1),
	(387, NULL, NULL, NULL, NULL, 1, 3, 800000, 400001, 2, NULL, NULL, 6.4),
	(388, NULL, NULL, NULL, NULL, 1, 4, 800000, 400001, 2, NULL, NULL, 6.7),
	(389, NULL, NULL, NULL, NULL, 1, 0, 800000, 400001, 2, 3, NULL, 6.2),
	(390, NULL, NULL, NULL, NULL, 1, 1, 800000, 400001, 2, 3, NULL, 6.6),
	(391, NULL, NULL, NULL, NULL, 1, 2, 800000, 400001, 2, 3, NULL, 6.9),
	(392, NULL, NULL, NULL, NULL, 1, 3, 800000, 400001, 2, 3, NULL, 7.3),
	(393, NULL, NULL, NULL, NULL, 1, 4, 800000, 400001, 2, 3, NULL, 7.7),
	(394, NULL, NULL, NULL, NULL, 2, 0, 800000, 400001, 1, 1, NULL, 6.5),
	(395, NULL, NULL, NULL, NULL, 2, 1, 800000, 400001, 1, 1, NULL, 6.7),
	(396, NULL, NULL, NULL, NULL, 2, 2, 800000, 400001, 1, 1, NULL, 6.8),
	(397, NULL, NULL, NULL, NULL, 2, 3, 800000, 400001, 1, 1, NULL, 7.1),
	(398, NULL, NULL, NULL, NULL, 2, 4, 800000, 400001, 1, 1, NULL, 7.2),
	(399, NULL, NULL, NULL, NULL, 2, 0, 800000, 400001, 1, NULL, NULL, 6.7),
	(400, NULL, NULL, NULL, NULL, 2, 1, 800000, 400001, 1, NULL, NULL, 6.8),
	(401, NULL, NULL, NULL, NULL, 2, 2, 800000, 400001, 1, NULL, NULL, 7),
	(402, NULL, NULL, NULL, NULL, 2, 3, 800000, 400001, 1, NULL, NULL, 7.3),
	(403, NULL, NULL, NULL, NULL, 2, 4, 800000, 400001, 1, NULL, NULL, 7.5),
	(404, NULL, NULL, NULL, NULL, 2, 0, 800000, 400001, 1, 3, NULL, 7.4),
	(405, NULL, NULL, NULL, NULL, 2, 1, 800000, 400001, 1, 3, NULL, 7.6),
	(406, NULL, NULL, NULL, NULL, 2, 2, 800000, 400001, 1, 3, NULL, 7.9),
	(407, NULL, NULL, NULL, NULL, 2, 3, 800000, 400001, 1, 3, NULL, 8.2),
	(408, NULL, NULL, NULL, NULL, 2, 4, 800000, 400001, 1, 3, NULL, 8.4),
	(409, NULL, NULL, NULL, NULL, 2, 0, 800000, 400001, 2, 1, NULL, 4.7),
	(410, NULL, NULL, NULL, NULL, 2, 1, 800000, 400001, 2, 1, NULL, 4.9),
	(411, NULL, NULL, NULL, NULL, 2, 2, 800000, 400001, 2, 1, NULL, 5.2),
	(412, NULL, NULL, NULL, NULL, 2, 3, 800000, 400001, 2, 1, NULL, 5.5),
	(413, NULL, NULL, NULL, NULL, 2, 4, 800000, 400001, 2, 1, NULL, 5.7),
	(414, NULL, NULL, NULL, NULL, 2, 0, 800000, 400001, 2, NULL, NULL, 4.8),
	(415, NULL, NULL, NULL, NULL, 2, 1, 800000, 400001, 2, NULL, NULL, 5.1),
	(416, NULL, NULL, NULL, NULL, 2, 2, 800000, 400001, 2, NULL, NULL, 5.4),
	(417, NULL, NULL, NULL, NULL, 2, 3, 800000, 400001, 2, NULL, NULL, 5.7),
	(418, NULL, NULL, NULL, NULL, 2, 4, 800000, 400001, 2, NULL, NULL, 6),
	(419, NULL, NULL, NULL, NULL, 2, 0, 800000, 400001, 2, 3, NULL, 5.6),
	(420, NULL, NULL, NULL, NULL, 2, 1, 800000, 400001, 2, 3, NULL, 5.9),
	(421, NULL, NULL, NULL, NULL, 2, 2, 800000, 400001, 2, 3, NULL, 6.3),
	(422, NULL, NULL, NULL, NULL, 2, 3, 800000, 400001, 2, 3, NULL, 6.6),
	(423, NULL, NULL, NULL, NULL, 2, 4, 800000, 400001, 2, 3, NULL, 6.8),
	(424, NULL, NULL, NULL, NULL, 3, 0, 800000, 400001, 1, 1, NULL, 7.4),
	(425, NULL, NULL, NULL, NULL, 3, 1, 800000, 400001, 1, 1, NULL, 7.4),
	(426, NULL, NULL, NULL, NULL, 3, 2, 800000, 400001, 1, 1, NULL, 7.4),
	(427, NULL, NULL, NULL, NULL, 3, 3, 800000, 400001, 1, 1, NULL, 7.4),
	(428, NULL, NULL, NULL, NULL, 3, 4, 800000, 400001, 1, 1, NULL, 7.4),
	(429, NULL, NULL, NULL, NULL, 3, 5, 800000, 400001, 1, 1, NULL, 7.4),
	(430, NULL, NULL, NULL, NULL, 3, 6, 800000, 400001, 1, 1, NULL, 7.6),
	(431, NULL, NULL, NULL, NULL, 3, 7, 800000, 400001, 1, 1, NULL, 8),
	(432, NULL, NULL, NULL, NULL, 3, 8, 800000, 400001, 1, 1, NULL, 8.4),
	(433, NULL, NULL, NULL, NULL, 3, 9, 800000, 400001, 1, 1, NULL, 8.9),
	(434, NULL, NULL, NULL, NULL, 3, 10, 800000, 400001, 1, 1, NULL, 9.4),
	(435, NULL, NULL, NULL, NULL, 3, 0, 800000, 400001, 2, 1, NULL, 6),
	(436, NULL, NULL, NULL, NULL, 3, 1, 800000, 400001, 2, 1, NULL, 6),
	(437, NULL, NULL, NULL, NULL, 3, 2, 800000, 400001, 2, 1, NULL, 6),
	(438, NULL, NULL, NULL, NULL, 3, 3, 800000, 400001, 2, 1, NULL, 6),
	(439, NULL, NULL, NULL, NULL, 3, 4, 800000, 400001, 2, 1, NULL, 6),
	(440, NULL, NULL, NULL, NULL, 3, 5, 800000, 400001, 2, 1, NULL, 6),
	(441, NULL, NULL, NULL, NULL, 3, 6, 800000, 400001, 2, 1, NULL, 6.1),
	(442, NULL, NULL, NULL, NULL, 3, 7, 800000, 400001, 2, 1, NULL, 6.5),
	(443, NULL, NULL, NULL, NULL, 3, 8, 800000, 400001, 2, 1, NULL, 7),
	(444, NULL, NULL, NULL, NULL, 3, 9, 800000, 400001, 2, 1, NULL, 7.5),
	(445, NULL, NULL, NULL, NULL, 3, 10, 800000, 400001, 2, 1, NULL, 8.1),
	(446, NULL, NULL, NULL, NULL, 4, 0, 800000, 400001, 1, 1, NULL, 7.2),
	(447, NULL, NULL, NULL, NULL, 4, 1, 800000, 400001, 1, 1, NULL, 7.4),
	(448, NULL, NULL, NULL, NULL, 4, 2, 800000, 400001, 1, 1, NULL, 7.6),
	(449, NULL, NULL, NULL, NULL, 4, 3, 800000, 400001, 1, 1, NULL, 7.9),
	(450, NULL, NULL, NULL, NULL, 4, 4, 800000, 400001, 1, 1, NULL, 8.1),
	(451, NULL, NULL, NULL, NULL, 4, 0, 800000, 400001, 1, NULL, NULL, 7.4),
	(452, NULL, NULL, NULL, NULL, 4, 1, 800000, 400001, 1, NULL, NULL, 7.7),
	(453, NULL, NULL, NULL, NULL, 4, 2, 800000, 400001, 1, NULL, NULL, 7.9),
	(454, NULL, NULL, NULL, NULL, 4, 3, 800000, 400001, 1, NULL, NULL, 8.2),
	(455, NULL, NULL, NULL, NULL, 4, 4, 800000, 400001, 1, NULL, NULL, 8.4),
	(456, NULL, NULL, NULL, NULL, 4, 0, 800000, 400001, 1, 3, NULL, 8.2),
	(457, NULL, NULL, NULL, NULL, 4, 1, 800000, 400001, 1, 3, NULL, 8.5),
	(458, NULL, NULL, NULL, NULL, 4, 2, 800000, 400001, 1, 3, NULL, 8.7),
	(459, NULL, NULL, NULL, NULL, 4, 3, 800000, 400001, 1, 3, NULL, 9.1),
	(460, NULL, NULL, NULL, NULL, 4, 4, 800000, 400001, 1, 3, NULL, 9.4),
	(461, NULL, NULL, NULL, NULL, 5, 0, 800000, 400001, 1, 1, NULL, 4.2),
	(462, NULL, NULL, NULL, NULL, 5, 1, 800000, 400001, 1, 1, NULL, 4.3),
	(463, NULL, NULL, NULL, NULL, 5, 2, 800000, 400001, 1, 1, NULL, 4.4),
	(464, NULL, NULL, NULL, NULL, 5, 3, 800000, 400001, 1, 1, NULL, 4.5),
	(465, NULL, NULL, NULL, NULL, 5, 4, 800000, 400001, 1, 1, NULL, 4.7),
	(466, NULL, NULL, NULL, NULL, 5, 5, 800000, 400001, 1, 1, NULL, 4.8),
	(467, NULL, NULL, NULL, NULL, 5, 6, 800000, 400001, 1, 1, NULL, 5),
	(468, NULL, NULL, NULL, NULL, 5, 7, 800000, 400001, 1, 1, NULL, 5.3),
	(469, NULL, NULL, NULL, NULL, 5, 8, 800000, 400001, 1, 1, NULL, 5.6),
	(470, NULL, NULL, NULL, NULL, 5, 9, 800000, 400001, 1, 1, NULL, 5.8),
	(471, NULL, NULL, NULL, NULL, 5, 10, 800000, 400001, 1, 1, NULL, 6.2),
	(472, NULL, NULL, NULL, NULL, 1, 0, 1200000, 800001, 1, 1, NULL, 7),
	(473, NULL, NULL, NULL, NULL, 1, 1, 1200000, 800001, 1, 1, NULL, 7.1),
	(474, NULL, NULL, NULL, NULL, 1, 2, 1200000, 800001, 1, 1, NULL, 7.3),
	(475, NULL, NULL, NULL, NULL, 1, 3, 1200000, 800001, 1, 1, NULL, 7.5),
	(476, NULL, NULL, NULL, NULL, 1, 4, 1200000, 800001, 1, 1, NULL, 7.8),
	(477, NULL, NULL, NULL, NULL, 1, 0, 1200000, 800001, 1, NULL, NULL, 7.2),
	(478, NULL, NULL, NULL, NULL, 1, 1, 1200000, 800001, 1, NULL, NULL, 7.4),
	(479, NULL, NULL, NULL, NULL, 1, 2, 1200000, 800001, 1, NULL, NULL, 7.6),
	(480, NULL, NULL, NULL, NULL, 1, 3, 1200000, 800001, 1, NULL, NULL, 7.8),
	(481, NULL, NULL, NULL, NULL, 1, 4, 1200000, 800001, 1, NULL, NULL, 8.1),
	(482, NULL, NULL, NULL, NULL, 1, 0, 1200000, 800001, 1, 3, NULL, 8),
	(483, NULL, NULL, NULL, NULL, 1, 1, 1200000, 800001, 1, 3, NULL, 8.2),
	(484, NULL, NULL, NULL, NULL, 1, 2, 1200000, 800001, 1, 3, NULL, 8.5),
	(485, NULL, NULL, NULL, NULL, 1, 3, 1200000, 800001, 1, 3, NULL, 8.7),
	(486, NULL, NULL, NULL, NULL, 1, 4, 1200000, 800001, 1, 3, NULL, 9),
	(487, NULL, NULL, NULL, NULL, 1, 0, 1200000, 800001, 2, 1, NULL, 4.9),
	(488, NULL, NULL, NULL, NULL, 1, 1, 1200000, 800001, 2, 1, NULL, 5.1),
	(489, NULL, NULL, NULL, NULL, 1, 2, 1200000, 800001, 2, 1, NULL, 5.4),
	(490, NULL, NULL, NULL, NULL, 1, 3, 1200000, 800001, 2, 1, NULL, 5.7),
	(491, NULL, NULL, NULL, NULL, 1, 4, 1200000, 800001, 2, 1, NULL, 6),
	(492, NULL, NULL, NULL, NULL, 1, 0, 1200000, 800001, 2, NULL, NULL, 5.1),
	(493, NULL, NULL, NULL, NULL, 1, 1, 1200000, 800001, 2, NULL, NULL, 5.4),
	(494, NULL, NULL, NULL, NULL, 1, 2, 1200000, 800001, 2, NULL, NULL, 5.7),
	(495, NULL, NULL, NULL, NULL, 1, 3, 1200000, 800001, 2, NULL, NULL, 6),
	(496, NULL, NULL, NULL, NULL, 1, 4, 1200000, 800001, 2, NULL, NULL, 6.3),
	(497, NULL, NULL, NULL, NULL, 1, 0, 1200000, 800001, 2, 3, NULL, 5.9),
	(498, NULL, NULL, NULL, NULL, 1, 1, 1200000, 800001, 2, 3, NULL, 6.2),
	(499, NULL, NULL, NULL, NULL, 1, 2, 1200000, 800001, 2, 3, NULL, 6.6),
	(500, NULL, NULL, NULL, NULL, 1, 3, 1200000, 800001, 2, 3, NULL, 6.9),
	(501, NULL, NULL, NULL, NULL, 1, 4, 1200000, 800001, 2, 3, NULL, 7.2),
	(502, NULL, NULL, NULL, NULL, 2, 0, 1200000, 800001, 1, 1, NULL, 6.3),
	(503, NULL, NULL, NULL, NULL, 2, 1, 1200000, 800001, 1, 1, NULL, 6.5),
	(504, NULL, NULL, NULL, NULL, 2, 2, 1200000, 800001, 1, 1, NULL, 6.7),
	(505, NULL, NULL, NULL, NULL, 2, 3, 1200000, 800001, 1, 1, NULL, 6.8),
	(506, NULL, NULL, NULL, NULL, 2, 4, 1200000, 800001, 1, 1, NULL, 7),
	(507, NULL, NULL, NULL, NULL, 2, 0, 1200000, 800001, 1, NULL, NULL, 6.5),
	(508, NULL, NULL, NULL, NULL, 2, 1, 1200000, 800001, 1, NULL, NULL, 6.7),
	(509, NULL, NULL, NULL, NULL, 2, 2, 1200000, 800001, 1, NULL, NULL, 6.8),
	(510, NULL, NULL, NULL, NULL, 2, 3, 1200000, 800001, 1, NULL, NULL, 7.1),
	(511, NULL, NULL, NULL, NULL, 2, 4, 1200000, 800001, 1, NULL, NULL, 7.3),
	(512, NULL, NULL, NULL, NULL, 2, 0, 1200000, 800001, 1, 3, NULL, 7.1),
	(513, NULL, NULL, NULL, NULL, 2, 1, 1200000, 800001, 1, 3, NULL, 7.4),
	(514, NULL, NULL, NULL, NULL, 2, 2, 1200000, 800001, 1, 3, NULL, 7.6),
	(515, NULL, NULL, NULL, NULL, 2, 3, 1200000, 800001, 1, 3, NULL, 7.9),
	(516, NULL, NULL, NULL, NULL, 2, 4, 1200000, 800001, 1, 3, NULL, 8.1),
	(517, NULL, NULL, NULL, NULL, 2, 0, 1200000, 800001, 2, 1, NULL, 4.4),
	(518, NULL, NULL, NULL, NULL, 2, 1, 1200000, 800001, 2, 1, NULL, 4.7),
	(519, NULL, NULL, NULL, NULL, 2, 2, 1200000, 800001, 2, 1, NULL, 4.9),
	(520, NULL, NULL, NULL, NULL, 2, 3, 1200000, 800001, 2, 1, NULL, 5.1),
	(521, NULL, NULL, NULL, NULL, 2, 4, 1200000, 800001, 2, 1, NULL, 5.4),
	(522, NULL, NULL, NULL, NULL, 2, 0, 1200000, 800001, 2, NULL, NULL, 4.6),
	(523, NULL, NULL, NULL, NULL, 2, 1, 1200000, 800001, 2, NULL, NULL, 4.8),
	(524, NULL, NULL, NULL, NULL, 2, 2, 1200000, 800001, 2, NULL, NULL, 5.1),
	(525, NULL, NULL, NULL, NULL, 2, 3, 1200000, 800001, 2, NULL, NULL, 5.4),
	(526, NULL, NULL, NULL, NULL, 2, 4, 1200000, 800001, 2, NULL, NULL, 5.7),
	(527, NULL, NULL, NULL, NULL, 2, 0, 1200000, 800001, 2, 3, NULL, 5.2),
	(528, NULL, NULL, NULL, NULL, 2, 1, 1200000, 800001, 2, 3, NULL, 5.6),
	(529, NULL, NULL, NULL, NULL, 2, 2, 1200000, 800001, 2, 3, NULL, 5.9),
	(530, NULL, NULL, NULL, NULL, 2, 3, 1200000, 800001, 2, 3, NULL, 6.2),
	(531, NULL, NULL, NULL, NULL, 2, 4, 1200000, 800001, 2, 3, NULL, 6.5),
	(532, NULL, NULL, NULL, NULL, 3, 0, 1200000, 800001, 1, 1, NULL, 7.2),
	(533, NULL, NULL, NULL, NULL, 3, 1, 1200000, 800001, 1, 1, NULL, 7.2),
	(534, NULL, NULL, NULL, NULL, 3, 2, 1200000, 800001, 1, 1, NULL, 7.2),
	(535, NULL, NULL, NULL, NULL, 3, 3, 1200000, 800001, 1, 1, NULL, 7.2),
	(536, NULL, NULL, NULL, NULL, 3, 4, 1200000, 800001, 1, 1, NULL, 7.2),
	(537, NULL, NULL, NULL, NULL, 3, 5, 1200000, 800001, 1, 1, NULL, 7.2),
	(538, NULL, NULL, NULL, NULL, 3, 6, 1200000, 800001, 1, 1, NULL, 7.3),
	(539, NULL, NULL, NULL, NULL, 3, 7, 1200000, 800001, 1, 1, NULL, 7.8),
	(540, NULL, NULL, NULL, NULL, 3, 8, 1200000, 800001, 1, 1, NULL, 8.1),
	(541, NULL, NULL, NULL, NULL, 3, 9, 1200000, 800001, 1, 1, NULL, 8.6),
	(542, NULL, NULL, NULL, NULL, 3, 10, 1200000, 800001, 1, 1, NULL, 9),
	(543, NULL, NULL, NULL, NULL, 3, 0, 1200000, 800001, 2, 1, NULL, 5.7),
	(544, NULL, NULL, NULL, NULL, 3, 1, 1200000, 800001, 2, 1, NULL, 5.7),
	(545, NULL, NULL, NULL, NULL, 3, 2, 1200000, 800001, 2, 1, NULL, 5.7),
	(546, NULL, NULL, NULL, NULL, 3, 3, 1200000, 800001, 2, 1, NULL, 5.7),
	(547, NULL, NULL, NULL, NULL, 3, 4, 1200000, 800001, 2, 1, NULL, 5.7),
	(548, NULL, NULL, NULL, NULL, 3, 5, 1200000, 800001, 2, 1, NULL, 5.7),
	(549, NULL, NULL, NULL, NULL, 3, 6, 1200000, 800001, 2, 1, NULL, 5.8),
	(550, NULL, NULL, NULL, NULL, 3, 7, 1200000, 800001, 2, 1, NULL, 6.2),
	(551, NULL, NULL, NULL, NULL, 3, 8, 1200000, 800001, 2, 1, NULL, 6.6),
	(552, NULL, NULL, NULL, NULL, 3, 9, 1200000, 800001, 2, 1, NULL, 7.1),
	(553, NULL, NULL, NULL, NULL, 3, 10, 1200000, 800001, 2, 1, NULL, 7.6),
	(554, NULL, NULL, NULL, NULL, 4, 0, 1200000, 800001, 1, 1, NULL, 7),
	(555, NULL, NULL, NULL, NULL, 4, 1, 1200000, 800001, 1, 1, NULL, 7.1),
	(556, NULL, NULL, NULL, NULL, 4, 2, 1200000, 800001, 1, 1, NULL, 7.3),
	(557, NULL, NULL, NULL, NULL, 4, 3, 1200000, 800001, 1, 1, NULL, 7.5),
	(558, NULL, NULL, NULL, NULL, 4, 4, 1200000, 800001, 1, 1, NULL, 7.8),
	(559, NULL, NULL, NULL, NULL, 4, 0, 1200000, 800001, 1, NULL, NULL, 7.2),
	(560, NULL, NULL, NULL, NULL, 4, 1, 1200000, 800001, 1, NULL, NULL, 7.4),
	(561, NULL, NULL, NULL, NULL, 4, 2, 1200000, 800001, 1, NULL, NULL, 7.6),
	(562, NULL, NULL, NULL, NULL, 4, 3, 1200000, 800001, 1, NULL, NULL, 7.8),
	(563, NULL, NULL, NULL, NULL, 4, 4, 1200000, 800001, 1, NULL, NULL, 8.1),
	(564, NULL, NULL, NULL, NULL, 4, 0, 1200000, 800001, 1, 3, NULL, 8),
	(565, NULL, NULL, NULL, NULL, 4, 1, 1200000, 800001, 1, 3, NULL, 8.2),
	(566, NULL, NULL, NULL, NULL, 4, 2, 1200000, 800001, 1, 3, NULL, 8.5),
	(567, NULL, NULL, NULL, NULL, 4, 3, 1200000, 800001, 1, 3, NULL, 8.7),
	(568, NULL, NULL, NULL, NULL, 4, 4, 1200000, 800001, 1, 3, NULL, 9),
	(569, NULL, NULL, NULL, NULL, 5, 0, 1200000, 800001, 1, 1, NULL, 4.1),
	(570, NULL, NULL, NULL, NULL, 5, 1, 1200000, 800001, 1, 1, NULL, 4.2),
	(571, NULL, NULL, NULL, NULL, 5, 2, 1200000, 800001, 1, 1, NULL, 4.3),
	(572, NULL, NULL, NULL, NULL, 5, 3, 1200000, 800001, 1, 1, NULL, 4.4),
	(573, NULL, NULL, NULL, NULL, 5, 4, 1200000, 800001, 1, 1, NULL, 4.6),
	(574, NULL, NULL, NULL, NULL, 5, 5, 1200000, 800001, 1, 1, NULL, 4.6),
	(575, NULL, NULL, NULL, NULL, 5, 6, 1200000, 800001, 1, 1, NULL, 4.9),
	(576, NULL, NULL, NULL, NULL, 5, 7, 1200000, 800001, 1, 1, NULL, 5.1),
	(577, NULL, NULL, NULL, NULL, 5, 8, 1200000, 800001, 1, 1, NULL, 5.3),
	(578, NULL, NULL, NULL, NULL, 5, 9, 1200000, 800001, 1, 1, NULL, 5.7),
	(579, NULL, NULL, NULL, NULL, 5, 10, 1200000, 800001, 1, 1, NULL, 6),
	(580, NULL, NULL, NULL, NULL, 1, 0, 2000000, 1200000, 1, 1, NULL, 6.8),
	(581, NULL, NULL, NULL, NULL, 1, 1, 2000000, 1200000, 1, 1, NULL, 7),
	(582, NULL, NULL, NULL, NULL, 1, 2, 2000000, 1200000, 1, 1, NULL, 7.1),
	(583, NULL, NULL, NULL, NULL, 1, 3, 2000000, 1200000, 1, 1, NULL, 7.3),
	(584, NULL, NULL, NULL, NULL, 1, 4, 2000000, 1200000, 1, 1, NULL, 7.6),
	(585, NULL, NULL, NULL, NULL, 1, 0, 2000000, 1200000, 1, NULL, NULL, 7),
	(586, NULL, NULL, NULL, NULL, 1, 1, 2000000, 1200000, 1, NULL, NULL, 7.2),
	(587, NULL, NULL, NULL, NULL, 1, 2, 2000000, 1200000, 1, NULL, NULL, 7.4),
	(588, NULL, NULL, NULL, NULL, 1, 3, 2000000, 1200000, 1, NULL, NULL, 7.6),
	(589, NULL, NULL, NULL, NULL, 1, 4, 2000000, 1200000, 1, NULL, NULL, 7.9),
	(590, NULL, NULL, NULL, NULL, 1, 0, 2000000, 1200000, 1, 3, NULL, 7.7),
	(591, NULL, NULL, NULL, NULL, 1, 1, 2000000, 1200000, 1, 3, NULL, 8),
	(592, NULL, NULL, NULL, NULL, 1, 2, 2000000, 1200000, 1, 3, NULL, 8.2),
	(593, NULL, NULL, NULL, NULL, 1, 3, 2000000, 1200000, 1, 3, NULL, 8.4),
	(594, NULL, NULL, NULL, NULL, 1, 4, 2000000, 1200000, 1, 3, NULL, 8.7),
	(595, NULL, NULL, NULL, NULL, 1, 0, 2000000, 1200000, 2, 1, NULL, 4.6),
	(596, NULL, NULL, NULL, NULL, 1, 1, 2000000, 1200000, 2, 1, NULL, 4.9),
	(597, NULL, NULL, NULL, NULL, 1, 2, 2000000, 1200000, 2, 1, NULL, 5.1),
	(598, NULL, NULL, NULL, NULL, 1, 3, 2000000, 1200000, 2, 1, NULL, 5.4),
	(599, NULL, NULL, NULL, NULL, 1, 4, 2000000, 1200000, 2, 1, NULL, 5.7),
	(600, NULL, NULL, NULL, NULL, 1, 0, 2000000, 1200000, 2, NULL, NULL, 4.8),
	(601, NULL, NULL, NULL, NULL, 1, 1, 2000000, 1200000, 2, NULL, NULL, 5.1),
	(602, NULL, NULL, NULL, NULL, 1, 2, 2000000, 1200000, 2, NULL, NULL, 5.4),
	(603, NULL, NULL, NULL, NULL, 1, 3, 2000000, 1200000, 2, NULL, NULL, 5.7),
	(604, NULL, NULL, NULL, NULL, 1, 4, 2000000, 1200000, 2, NULL, NULL, 6),
	(605, NULL, NULL, NULL, NULL, 1, 0, 2000000, 1200000, 2, 3, NULL, 5.5),
	(606, NULL, NULL, NULL, NULL, 1, 1, 2000000, 1200000, 2, 3, NULL, 5.9),
	(607, NULL, NULL, NULL, NULL, 1, 2, 2000000, 1200000, 2, 3, NULL, 6.2),
	(608, NULL, NULL, NULL, NULL, 1, 3, 2000000, 1200000, 2, 3, NULL, 6.5),
	(609, NULL, NULL, NULL, NULL, 1, 4, 2000000, 1200000, 2, 3, NULL, 6.8),
	(610, NULL, NULL, NULL, NULL, 2, 0, 2000000, 1200000, 1, 1, NULL, 6.2),
	(611, NULL, NULL, NULL, NULL, 2, 1, 2000000, 1200000, 1, 1, NULL, 6.3),
	(612, NULL, NULL, NULL, NULL, 2, 2, 2000000, 1200000, 1, 1, NULL, 6.5),
	(613, NULL, NULL, NULL, NULL, 2, 3, 2000000, 1200000, 1, 1, NULL, 6.6),
	(614, NULL, NULL, NULL, NULL, 2, 4, 2000000, 1200000, 1, 1, NULL, 6.8),
	(615, NULL, NULL, NULL, NULL, 2, 0, 2000000, 1200000, 1, NULL, NULL, 6.4),
	(616, NULL, NULL, NULL, NULL, 2, 1, 2000000, 1200000, 1, NULL, NULL, 6.6),
	(617, NULL, NULL, NULL, NULL, 2, 2, 2000000, 1200000, 1, NULL, NULL, 6.7),
	(618, NULL, NULL, NULL, NULL, 2, 3, 2000000, 1200000, 1, NULL, NULL, 6.8),
	(619, NULL, NULL, NULL, NULL, 2, 4, 2000000, 1200000, 1, NULL, NULL, 7.1),
	(620, NULL, NULL, NULL, NULL, 2, 0, 2000000, 1200000, 1, 3, NULL, 6.9),
	(621, NULL, NULL, NULL, NULL, 2, 1, 2000000, 1200000, 1, 3, NULL, 7.1),
	(622, NULL, NULL, NULL, NULL, 2, 2, 2000000, 1200000, 1, 3, NULL, 7.3),
	(623, NULL, NULL, NULL, NULL, 2, 3, 2000000, 1200000, 1, 3, NULL, 7.5),
	(624, NULL, NULL, NULL, NULL, 2, 4, 2000000, 1200000, 1, 3, NULL, 7.8),
	(625, NULL, NULL, NULL, NULL, 2, 0, 2000000, 1200000, 2, 1, NULL, 4.2),
	(626, NULL, NULL, NULL, NULL, 2, 1, 2000000, 1200000, 2, 1, NULL, 4.4),
	(627, NULL, NULL, NULL, NULL, 2, 2, 2000000, 1200000, 2, 1, NULL, 4.7),
	(628, NULL, NULL, NULL, NULL, 2, 3, 2000000, 1200000, 2, 1, NULL, 4.8),
	(629, NULL, NULL, NULL, NULL, 2, 4, 2000000, 1200000, 2, 1, NULL, 5.1),
	(630, NULL, NULL, NULL, NULL, 2, 0, 2000000, 1200000, 2, NULL, NULL, 4.4),
	(631, NULL, NULL, NULL, NULL, 2, 1, 2000000, 1200000, 2, NULL, NULL, 4.7),
	(632, NULL, NULL, NULL, NULL, 2, 2, 2000000, 1200000, 2, NULL, NULL, 4.8),
	(633, NULL, NULL, NULL, NULL, 2, 3, 2000000, 1200000, 2, NULL, NULL, 5.1),
	(634, NULL, NULL, NULL, NULL, 2, 4, 2000000, 1200000, 2, NULL, NULL, 5.4),
	(635, NULL, NULL, NULL, NULL, 2, 0, 2000000, 1200000, 2, 3, NULL, 4.9),
	(636, NULL, NULL, NULL, NULL, 2, 1, 2000000, 1200000, 2, 3, NULL, 5.2),
	(637, NULL, NULL, NULL, NULL, 2, 2, 2000000, 1200000, 2, 3, NULL, 5.5),
	(638, NULL, NULL, NULL, NULL, 2, 3, 2000000, 1200000, 2, 3, NULL, 5.8),
	(639, NULL, NULL, NULL, NULL, 2, 4, 2000000, 1200000, 2, 3, NULL, 6.1),
	(640, NULL, NULL, NULL, NULL, 3, 0, 2000000, 1200000, 1, 1, NULL, 6.9),
	(641, NULL, NULL, NULL, NULL, 3, 1, 2000000, 1200000, 1, 1, NULL, 6.9),
	(642, NULL, NULL, NULL, NULL, 3, 2, 2000000, 1200000, 1, 1, NULL, 6.9),
	(643, NULL, NULL, NULL, NULL, 3, 3, 2000000, 1200000, 1, 1, NULL, 6.9),
	(644, NULL, NULL, NULL, NULL, 3, 4, 2000000, 1200000, 1, 1, NULL, 6.9),
	(645, NULL, NULL, NULL, NULL, 3, 5, 2000000, 1200000, 1, 1, NULL, 6.9),
	(646, NULL, NULL, NULL, NULL, 3, 6, 2000000, 1200000, 1, 1, NULL, 7),
	(647, NULL, NULL, NULL, NULL, 3, 7, 2000000, 1200000, 1, 1, NULL, 7.4),
	(648, NULL, NULL, NULL, NULL, 3, 8, 2000000, 1200000, 1, 1, NULL, 7.8),
	(649, NULL, NULL, NULL, NULL, 3, 9, 2000000, 1200000, 1, 1, NULL, 8.2),
	(650, NULL, NULL, NULL, NULL, 3, 10, 2000000, 1200000, 1, 1, NULL, 8.7),
	(651, NULL, NULL, NULL, NULL, 3, 0, 2000000, 1200000, 2, 1, NULL, 5.3),
	(652, NULL, NULL, NULL, NULL, 3, 1, 2000000, 1200000, 2, 1, NULL, 5.3),
	(653, NULL, NULL, NULL, NULL, 3, 2, 2000000, 1200000, 2, 1, NULL, 5.3),
	(654, NULL, NULL, NULL, NULL, 3, 3, 2000000, 1200000, 2, 1, NULL, 5.3),
	(655, NULL, NULL, NULL, NULL, 3, 4, 2000000, 1200000, 2, 1, NULL, 5.3),
	(656, NULL, NULL, NULL, NULL, 3, 5, 2000000, 1200000, 2, 1, NULL, 5.3),
	(657, NULL, NULL, NULL, NULL, 3, 6, 2000000, 1200000, 2, 1, NULL, 5.4),
	(658, NULL, NULL, NULL, NULL, 3, 7, 2000000, 1200000, 2, 1, NULL, 5.8),
	(659, NULL, NULL, NULL, NULL, 3, 8, 2000000, 1200000, 2, 1, NULL, 6.2),
	(660, NULL, NULL, NULL, NULL, 3, 9, 2000000, 1200000, 2, 1, NULL, 6.7),
	(661, NULL, NULL, NULL, NULL, 3, 10, 2000000, 1200000, 2, 1, NULL, 7.2),
	(662, NULL, NULL, NULL, NULL, 4, 0, 2000000, 1200000, 1, 1, NULL, 6.8),
	(663, NULL, NULL, NULL, NULL, 4, 1, 2000000, 1200000, 1, 1, NULL, 7),
	(664, NULL, NULL, NULL, NULL, 4, 2, 2000000, 1200000, 1, 1, NULL, 7.1),
	(665, NULL, NULL, NULL, NULL, 4, 3, 2000000, 1200000, 1, 1, NULL, 7.3),
	(666, NULL, NULL, NULL, NULL, 4, 4, 2000000, 1200000, 1, 1, NULL, 7.6),
	(667, NULL, NULL, NULL, NULL, 4, 0, 2000000, 1200000, 1, NULL, NULL, 7),
	(668, NULL, NULL, NULL, NULL, 4, 1, 2000000, 1200000, 1, NULL, NULL, 7.2),
	(669, NULL, NULL, NULL, NULL, 4, 2, 2000000, 1200000, 1, NULL, NULL, 7.4),
	(670, NULL, NULL, NULL, NULL, 4, 3, 2000000, 1200000, 1, NULL, NULL, 7.6),
	(671, NULL, NULL, NULL, NULL, 4, 4, 2000000, 1200000, 1, NULL, NULL, 7.9),
	(672, NULL, NULL, NULL, NULL, 4, 0, 2000000, 1200000, 1, 3, NULL, 7.7),
	(673, NULL, NULL, NULL, NULL, 4, 1, 2000000, 1200000, 1, 3, NULL, 8),
	(674, NULL, NULL, NULL, NULL, 4, 2, 2000000, 1200000, 1, 3, NULL, 8.2),
	(675, NULL, NULL, NULL, NULL, 4, 3, 2000000, 1200000, 1, 3, NULL, 8.4),
	(676, NULL, NULL, NULL, NULL, 4, 4, 2000000, 1200000, 1, 3, NULL, 8.7),
	(677, NULL, NULL, NULL, NULL, 5, 0, 2000000, 1200000, 1, 1, NULL, 3.9),
	(678, NULL, NULL, NULL, NULL, 5, 1, 2000000, 1200000, 1, 1, NULL, 4),
	(679, NULL, NULL, NULL, NULL, 5, 2, 2000000, 1200000, 1, 1, NULL, 4.1),
	(680, NULL, NULL, NULL, NULL, 5, 3, 2000000, 1200000, 1, 1, NULL, 4.2),
	(681, NULL, NULL, NULL, NULL, 5, 4, 2000000, 1200000, 1, 1, NULL, 4.4),
	(682, NULL, NULL, NULL, NULL, 5, 5, 2000000, 1200000, 1, 1, NULL, 4.5),
	(683, NULL, NULL, NULL, NULL, 5, 6, 2000000, 1200000, 1, 1, NULL, 4.6),
	(684, NULL, NULL, NULL, NULL, 5, 7, 2000000, 1200000, 1, 1, NULL, 4.9),
	(685, NULL, NULL, NULL, NULL, 5, 8, 2000000, 1200000, 1, 1, NULL, 5.1),
	(686, NULL, NULL, NULL, NULL, 5, 9, 2000000, 1200000, 1, 1, NULL, 5.4),
	(687, NULL, NULL, NULL, NULL, 5, 10, 2000000, 1200000, 1, 1, NULL, 5.7),
	(688, NULL, NULL, NULL, NULL, 1, 0, NULL, 2000001, 1, 1, NULL, 6.6),
	(689, NULL, NULL, NULL, NULL, 1, 1, NULL, 2000001, 1, 1, NULL, 6.7),
	(690, NULL, NULL, NULL, NULL, 1, 2, NULL, 2000001, 1, 1, NULL, 6.9),
	(691, NULL, NULL, NULL, NULL, 1, 3, NULL, 2000001, 1, 1, NULL, 7.1),
	(692, NULL, NULL, NULL, NULL, 1, 4, NULL, 2000001, 1, 1, NULL, 7.3),
	(693, NULL, NULL, NULL, NULL, 1, 0, NULL, 2000001, 1, NULL, NULL, 6.8),
	(694, NULL, NULL, NULL, NULL, 1, 1, NULL, 2000001, 1, NULL, NULL, 7),
	(695, NULL, NULL, NULL, NULL, 1, 2, NULL, 2000001, 1, NULL, NULL, 7.1),
	(696, NULL, NULL, NULL, NULL, 1, 3, NULL, 2000001, 1, NULL, NULL, 7.3),
	(697, NULL, NULL, NULL, NULL, 1, 4, NULL, 2000001, 1, NULL, NULL, 7.6),
	(698, NULL, NULL, NULL, NULL, 1, 0, NULL, 2000001, 1, 3, NULL, 7.5),
	(699, NULL, NULL, NULL, NULL, 1, 1, NULL, 2000001, 1, 3, NULL, 7.7),
	(700, NULL, NULL, NULL, NULL, 1, 2, NULL, 2000001, 1, 3, NULL, 7.9),
	(701, NULL, NULL, NULL, NULL, 1, 3, NULL, 2000001, 1, 3, NULL, 8.1),
	(702, NULL, NULL, NULL, NULL, 1, 4, NULL, 2000001, 1, 3, NULL, 8.4),
	(703, NULL, NULL, NULL, NULL, 1, 0, NULL, 2000001, 2, 1, NULL, 4.3),
	(704, NULL, NULL, NULL, NULL, 1, 1, NULL, 2000001, 2, 1, NULL, 4.5),
	(705, NULL, NULL, NULL, NULL, 1, 2, NULL, 2000001, 2, 1, NULL, 4.8),
	(706, NULL, NULL, NULL, NULL, 1, 3, NULL, 2000001, 2, 1, NULL, 5.1),
	(707, NULL, NULL, NULL, NULL, 1, 4, NULL, 2000001, 2, 1, NULL, 5.3),
	(708, NULL, NULL, NULL, NULL, 1, 0, NULL, 2000001, 2, NULL, NULL, 4.5),
	(709, NULL, NULL, NULL, NULL, 1, 1, NULL, 2000001, 2, NULL, NULL, 4.8),
	(710, NULL, NULL, NULL, NULL, 1, 2, NULL, 2000001, 2, NULL, NULL, 5),
	(711, NULL, NULL, NULL, NULL, 1, 3, NULL, 2000001, 2, NULL, NULL, 5.3),
	(712, NULL, NULL, NULL, NULL, 1, 4, NULL, 2000001, 2, NULL, NULL, 5.6),
	(713, NULL, NULL, NULL, NULL, 1, 0, NULL, 2000001, 2, 3, NULL, 5.2),
	(714, NULL, NULL, NULL, NULL, 1, 1, NULL, 2000001, 2, 3, NULL, 5.5),
	(715, NULL, NULL, NULL, NULL, 1, 2, NULL, 2000001, 2, 3, NULL, 5.8),
	(716, NULL, NULL, NULL, NULL, 1, 3, NULL, 2000001, 2, 3, NULL, 6.1),
	(717, NULL, NULL, NULL, NULL, 1, 4, NULL, 2000001, 2, 3, NULL, 6.4),
	(718, NULL, NULL, NULL, NULL, 2, 0, NULL, 2000001, 1, 1, NULL, 6),
	(719, NULL, NULL, NULL, NULL, 2, 1, NULL, 2000001, 1, 1, NULL, 6.1),
	(720, NULL, NULL, NULL, NULL, 2, 2, NULL, 2000001, 1, 1, NULL, 6.3),
	(721, NULL, NULL, NULL, NULL, 2, 3, NULL, 2000001, 1, 1, NULL, 6.4),
	(722, NULL, NULL, NULL, NULL, 2, 4, NULL, 2000001, 1, 1, NULL, 6.6),
	(723, NULL, NULL, NULL, NULL, 2, 0, NULL, 2000001, 1, NULL, NULL, 6.2),
	(724, NULL, NULL, NULL, NULL, 2, 1, NULL, 2000001, 1, NULL, NULL, 6.3),
	(725, NULL, NULL, NULL, NULL, 2, 2, NULL, 2000001, 1, NULL, NULL, 6.5),
	(726, NULL, NULL, NULL, NULL, 2, 3, NULL, 2000001, 1, NULL, NULL, 6.6),
	(727, NULL, NULL, NULL, NULL, 2, 4, NULL, 2000001, 1, NULL, NULL, 6.8),
	(728, NULL, NULL, NULL, NULL, 2, 0, NULL, 2000001, 1, 3, NULL, 6.7),
	(729, NULL, NULL, NULL, NULL, 2, 1, NULL, 2000001, 1, 3, NULL, 6.9),
	(730, NULL, NULL, NULL, NULL, 2, 2, NULL, 2000001, 1, 3, NULL, 7.1),
	(731, NULL, NULL, NULL, NULL, 2, 3, NULL, 2000001, 1, 3, NULL, 7.3),
	(732, NULL, NULL, NULL, NULL, 2, 4, NULL, 2000001, 1, 3, NULL, 7.6),
	(733, NULL, NULL, NULL, NULL, 2, 0, NULL, 2000001, 2, 1, NULL, 3.9),
	(734, NULL, NULL, NULL, NULL, 2, 1, NULL, 2000001, 2, 1, NULL, 4.1),
	(735, NULL, NULL, NULL, NULL, 2, 2, NULL, 2000001, 2, 1, NULL, 4.4),
	(736, NULL, NULL, NULL, NULL, 2, 3, NULL, 2000001, 2, 1, NULL, 4.6),
	(737, NULL, NULL, NULL, NULL, 2, 4, NULL, 2000001, 2, 1, NULL, 4.8),
	(738, NULL, NULL, NULL, NULL, 2, 0, NULL, 2000001, 2, NULL, NULL, 4.1),
	(739, NULL, NULL, NULL, NULL, 2, 1, NULL, 2000001, 2, NULL, NULL, 4.3),
	(740, NULL, NULL, NULL, NULL, 2, 2, NULL, 2000001, 2, NULL, NULL, 4.6),
	(741, NULL, NULL, NULL, NULL, 2, 3, NULL, 2000001, 2, NULL, NULL, 4.8),
	(742, NULL, NULL, NULL, NULL, 2, 4, NULL, 2000001, 2, NULL, NULL, 5),
	(743, NULL, NULL, NULL, NULL, 2, 0, NULL, 2000001, 2, 3, NULL, 4.7),
	(744, NULL, NULL, NULL, NULL, 2, 1, NULL, 2000001, 2, 3, NULL, 4.9),
	(745, NULL, NULL, NULL, NULL, 2, 2, NULL, 2000001, 2, 3, NULL, 5.2),
	(746, NULL, NULL, NULL, NULL, 2, 3, NULL, 2000001, 2, 3, NULL, 5.5),
	(747, NULL, NULL, NULL, NULL, 2, 4, NULL, 2000001, 2, 3, NULL, 5.8),
	(748, NULL, NULL, NULL, NULL, 3, 0, NULL, 2000001, 1, 1, NULL, 6.7),
	(749, NULL, NULL, NULL, NULL, 3, 1, NULL, 2000001, 1, 1, NULL, 6.7),
	(750, NULL, NULL, NULL, NULL, 3, 2, NULL, 2000001, 1, 1, NULL, 6.7),
	(751, NULL, NULL, NULL, NULL, 3, 3, NULL, 2000001, 1, 1, NULL, 6.7),
	(752, NULL, NULL, NULL, NULL, 3, 4, NULL, 2000001, 1, 1, NULL, 6.7),
	(753, NULL, NULL, NULL, NULL, 3, 5, NULL, 2000001, 1, 1, NULL, 6.7),
	(754, NULL, NULL, NULL, NULL, 3, 6, NULL, 2000001, 1, 1, NULL, 6.8),
	(755, NULL, NULL, NULL, NULL, 3, 7, NULL, 2000001, 1, 1, NULL, 7.1),
	(756, NULL, NULL, NULL, NULL, 3, 8, NULL, 2000001, 1, 1, NULL, 7.5),
	(757, NULL, NULL, NULL, NULL, 3, 9, NULL, 2000001, 1, 1, NULL, 7.8),
	(758, NULL, NULL, NULL, NULL, 3, 10, NULL, 2000001, 1, 1, NULL, 8.3),
	(759, NULL, NULL, NULL, NULL, 3, 0, NULL, 2000001, 2, 1, NULL, 5),
	(760, NULL, NULL, NULL, NULL, 3, 1, NULL, 2000001, 2, 1, NULL, 5),
	(761, NULL, NULL, NULL, NULL, 3, 2, NULL, 2000001, 2, 1, NULL, 5),
	(762, NULL, NULL, NULL, NULL, 3, 3, NULL, 2000001, 2, 1, NULL, 5),
	(763, NULL, NULL, NULL, NULL, 3, 4, NULL, 2000001, 2, 1, NULL, 5),
	(764, NULL, NULL, NULL, NULL, 3, 5, NULL, 2000001, 2, 1, NULL, 5),
	(765, NULL, NULL, NULL, NULL, 3, 6, NULL, 2000001, 2, 1, NULL, 5.1),
	(766, NULL, NULL, NULL, NULL, 3, 7, NULL, 2000001, 2, 1, NULL, 5.4),
	(767, NULL, NULL, NULL, NULL, 3, 8, NULL, 2000001, 2, 1, NULL, 5.8),
	(768, NULL, NULL, NULL, NULL, 3, 9, NULL, 2000001, 2, 1, NULL, 6.2),
	(769, NULL, NULL, NULL, NULL, 3, 10, NULL, 2000001, 2, 1, NULL, 6.7),
	(770, NULL, NULL, NULL, NULL, 4, 0, NULL, 2000001, 1, 1, NULL, 6.6),
	(771, NULL, NULL, NULL, NULL, 4, 1, NULL, 2000001, 1, 1, NULL, 6.7),
	(772, NULL, NULL, NULL, NULL, 4, 2, NULL, 2000001, 1, 1, NULL, 6.9),
	(773, NULL, NULL, NULL, NULL, 4, 3, NULL, 2000001, 1, 1, NULL, 7.1),
	(774, NULL, NULL, NULL, NULL, 4, 4, NULL, 2000001, 1, 1, NULL, 7.3),
	(775, NULL, NULL, NULL, NULL, 4, 0, NULL, 2000001, 1, NULL, NULL, 6.8),
	(776, NULL, NULL, NULL, NULL, 4, 1, NULL, 2000001, 1, NULL, NULL, 7),
	(777, NULL, NULL, NULL, NULL, 4, 2, NULL, 2000001, 1, NULL, NULL, 7.1),
	(778, NULL, NULL, NULL, NULL, 4, 3, NULL, 2000001, 1, NULL, NULL, 7.3),
	(779, NULL, NULL, NULL, NULL, 4, 4, NULL, 2000001, 1, NULL, NULL, 7.6),
	(780, NULL, NULL, NULL, NULL, 4, 0, NULL, 2000001, 1, 3, NULL, 7.5),
	(781, NULL, NULL, NULL, NULL, 4, 1, NULL, 2000001, 1, 3, NULL, 7.7),
	(782, NULL, NULL, NULL, NULL, 4, 2, NULL, 2000001, 1, 3, NULL, 7.9),
	(783, NULL, NULL, NULL, NULL, 4, 3, NULL, 2000001, 1, 3, NULL, 8.1),
	(784, NULL, NULL, NULL, NULL, 4, 4, NULL, 2000001, 1, 3, NULL, 8.4),
	(785, NULL, NULL, NULL, NULL, 5, 0, NULL, 2000001, 1, 1, NULL, 3.8),
	(786, NULL, NULL, NULL, NULL, 5, 1, NULL, 2000001, 1, 1, NULL, 3.9),
	(787, NULL, NULL, NULL, NULL, 5, 2, NULL, 2000001, 1, 1, NULL, 4),
	(788, NULL, NULL, NULL, NULL, 5, 3, NULL, 2000001, 1, 1, NULL, 4.1),
	(789, NULL, NULL, NULL, NULL, 5, 4, NULL, 2000001, 1, 1, NULL, 4.2),
	(790, NULL, NULL, NULL, NULL, 5, 5, NULL, 2000001, 1, 1, NULL, 4.3),
	(791, NULL, NULL, NULL, NULL, 5, 6, NULL, 2000001, 1, 1, NULL, 4.5),
	(792, NULL, NULL, NULL, NULL, 5, 7, NULL, 2000001, 1, 1, NULL, 4.7),
	(793, NULL, NULL, NULL, NULL, 5, 8, NULL, 2000001, 1, 1, NULL, 4.9),
	(794, NULL, NULL, NULL, NULL, 5, 9, NULL, 2000001, 1, 1, NULL, 5.2),
	(795, NULL, NULL, NULL, NULL, 5, 10, NULL, 2000001, 1, 1, NULL, 5.5),
	(796, 10, NULL, NULL, NULL, 1, 0, NULL, NULL, 1, 1, NULL, 5),
	(797, 10, NULL, NULL, NULL, 1, 1, NULL, NULL, 1, 1, NULL, 5.2),
	(798, 10, NULL, NULL, NULL, 1, 2, NULL, NULL, 1, 1, NULL, 5.5),
	(799, 10, NULL, NULL, NULL, 1, 3, NULL, NULL, 1, 1, NULL, 5.6),
	(800, 10, NULL, NULL, NULL, 1, 4, NULL, NULL, 1, 1, NULL, 5.8),
	(801, 10, NULL, NULL, NULL, 1, 0, NULL, NULL, 1, NULL, NULL, 5.3),
	(802, 10, NULL, NULL, NULL, 1, 1, NULL, NULL, 1, NULL, NULL, 5.5),
	(803, 10, NULL, NULL, NULL, 1, 2, NULL, NULL, 1, NULL, NULL, 5.7),
	(804, 10, NULL, NULL, NULL, 1, 3, NULL, NULL, 1, NULL, NULL, 5.8),
	(805, 10, NULL, NULL, NULL, 1, 4, NULL, NULL, 1, NULL, NULL, 5.9),
	(806, 10, NULL, NULL, NULL, 1, 0, NULL, NULL, 1, 3, NULL, 5.8),
	(807, 10, NULL, NULL, NULL, 1, 1, NULL, NULL, 1, 3, NULL, 6.1),
	(808, 10, NULL, NULL, NULL, 1, 2, NULL, NULL, 1, 3, NULL, 6.4),
	(809, 10, NULL, NULL, NULL, 1, 3, NULL, NULL, 1, 3, NULL, 6.5),
	(810, 10, NULL, NULL, NULL, 1, 4, NULL, NULL, 1, 3, NULL, 6.6),
	(811, 10, NULL, NULL, NULL, 1, 0, NULL, NULL, 2, 1, NULL, 4.3),
	(812, 10, NULL, NULL, NULL, 1, 1, NULL, NULL, 2, 1, NULL, 4.5),
	(813, 10, NULL, NULL, NULL, 1, 2, NULL, NULL, 2, 1, NULL, 4.8),
	(814, 10, NULL, NULL, NULL, 1, 3, NULL, NULL, 2, 1, NULL, 4.9),
	(815, 10, NULL, NULL, NULL, 1, 4, NULL, NULL, 2, 1, NULL, 5.1),
	(816, 10, NULL, NULL, NULL, 1, 0, NULL, NULL, 2, NULL, NULL, 4.6),
	(817, 10, NULL, NULL, NULL, 1, 1, NULL, NULL, 2, NULL, NULL, 4.8),
	(818, 10, NULL, NULL, NULL, 1, 2, NULL, NULL, 2, NULL, NULL, 5),
	(819, 10, NULL, NULL, NULL, 1, 3, NULL, NULL, 2, NULL, NULL, 5.1),
	(820, 10, NULL, NULL, NULL, 1, 4, NULL, NULL, 2, NULL, NULL, 5.3),
	(821, 10, NULL, NULL, NULL, 1, 0, NULL, NULL, 2, 3, NULL, 5.1),
	(822, 10, NULL, NULL, NULL, 1, 1, NULL, NULL, 2, 3, NULL, 5.4),
	(823, 10, NULL, NULL, NULL, 1, 2, NULL, NULL, 2, 3, NULL, 5.7),
	(824, 10, NULL, NULL, NULL, 1, 3, NULL, NULL, 2, 3, NULL, 5.8),
	(825, 10, NULL, NULL, NULL, 1, 4, NULL, NULL, 2, 3, NULL, 5.9),
	(826, 10, NULL, NULL, NULL, 2, 0, NULL, NULL, 1, 1, NULL, 4.7),
	(827, 10, NULL, NULL, NULL, 2, 1, NULL, NULL, 1, 1, NULL, 4.9),
	(828, 10, NULL, NULL, NULL, 2, 2, NULL, NULL, 1, 1, NULL, 5.1),
	(829, 10, NULL, NULL, NULL, 2, 3, NULL, NULL, 1, 1, NULL, 5.2),
	(830, 10, NULL, NULL, NULL, 2, 4, NULL, NULL, 1, 1, NULL, 5.4),
	(831, 10, NULL, NULL, NULL, 2, 0, NULL, NULL, 1, NULL, NULL, 4.9),
	(832, 10, NULL, NULL, NULL, 2, 1, NULL, NULL, 1, NULL, NULL, 5.1),
	(833, 10, NULL, NULL, NULL, 2, 2, NULL, NULL, 1, NULL, NULL, 5.3),
	(834, 10, NULL, NULL, NULL, 2, 3, NULL, NULL, 1, NULL, NULL, 5.4),
	(835, 10, NULL, NULL, NULL, 2, 4, NULL, NULL, 1, NULL, NULL, 5.6),
	(836, 10, NULL, NULL, NULL, 2, 0, NULL, NULL, 1, 3, NULL, 5.5),
	(837, 10, NULL, NULL, NULL, 2, 1, NULL, NULL, 1, 3, NULL, 5.8),
	(838, 10, NULL, NULL, NULL, 2, 2, NULL, NULL, 1, 3, NULL, 6.1),
	(839, 10, NULL, NULL, NULL, 2, 3, NULL, NULL, 1, 3, NULL, 6.2),
	(840, 10, NULL, NULL, NULL, 2, 4, NULL, NULL, 1, 3, NULL, 6.3),
	(841, 10, NULL, NULL, NULL, 2, 0, NULL, NULL, 2, 1, NULL, 4.1),
	(842, 10, NULL, NULL, NULL, 2, 1, NULL, NULL, 2, 1, NULL, 4.3),
	(843, 10, NULL, NULL, NULL, 2, 2, NULL, NULL, 2, 1, NULL, 4.5),
	(844, 10, NULL, NULL, NULL, 2, 3, NULL, NULL, 2, 1, NULL, 4.6),
	(845, 10, NULL, NULL, NULL, 2, 4, NULL, NULL, 2, 1, NULL, 4.8),
	(846, 10, NULL, NULL, NULL, 2, 0, NULL, NULL, 2, NULL, NULL, 4.3),
	(847, 10, NULL, NULL, NULL, 2, 1, NULL, NULL, 2, NULL, NULL, 4.5),
	(848, 10, NULL, NULL, NULL, 2, 2, NULL, NULL, 2, NULL, NULL, 4.7),
	(849, 10, NULL, NULL, NULL, 2, 3, NULL, NULL, 2, NULL, NULL, 4.8),
	(850, 10, NULL, NULL, NULL, 2, 4, NULL, NULL, 2, NULL, NULL, 5),
	(851, 10, NULL, NULL, NULL, 2, 0, NULL, NULL, 2, 3, NULL, 4.9),
	(852, 10, NULL, NULL, NULL, 2, 1, NULL, NULL, 2, 3, NULL, 5.2),
	(853, 10, NULL, NULL, NULL, 2, 2, NULL, NULL, 2, 3, NULL, 5.5),
	(854, 10, NULL, NULL, NULL, 2, 3, NULL, NULL, 2, 3, NULL, 5.6),
	(855, 10, NULL, NULL, NULL, 2, 4, NULL, NULL, 2, 3, NULL, 5.7),
	(856, 10, NULL, NULL, NULL, 3, 0, NULL, NULL, 1, 1, NULL, 5.3),
	(857, 10, NULL, NULL, NULL, 3, 1, NULL, NULL, 1, 1, NULL, 5.3),
	(858, 10, NULL, NULL, NULL, 3, 2, NULL, NULL, 1, 1, NULL, 5.3),
	(859, 10, NULL, NULL, NULL, 3, 3, NULL, NULL, 1, 1, NULL, 5.3),
	(860, 10, NULL, NULL, NULL, 3, 4, NULL, NULL, 1, 1, NULL, 5.3),
	(861, 10, NULL, NULL, NULL, 3, 5, NULL, NULL, 1, 1, NULL, 5.4),
	(862, 10, NULL, NULL, NULL, 3, 6, NULL, NULL, 1, 1, NULL, 5.5),
	(863, 10, NULL, NULL, NULL, 3, 7, NULL, NULL, 1, 1, NULL, 5.7),
	(864, 10, NULL, NULL, NULL, 3, 8, NULL, NULL, 1, 1, NULL, 6.1),
	(865, 10, NULL, NULL, NULL, 3, 9, NULL, NULL, 1, 1, NULL, 6.5),
	(866, 10, NULL, NULL, NULL, 3, 10, NULL, NULL, 1, 1, NULL, 6.9),
	(867, 10, NULL, NULL, NULL, 3, 0, NULL, NULL, 2, 1, NULL, 4.7),
	(868, 10, NULL, NULL, NULL, 3, 1, NULL, NULL, 2, 1, NULL, 4.7),
	(869, 10, NULL, NULL, NULL, 3, 2, NULL, NULL, 2, 1, NULL, 4.7),
	(870, 10, NULL, NULL, NULL, 3, 3, NULL, NULL, 2, 1, NULL, 4.7),
	(871, 10, NULL, NULL, NULL, 3, 4, NULL, NULL, 2, 1, NULL, 4.7),
	(872, 10, NULL, NULL, NULL, 3, 5, NULL, NULL, 2, 1, NULL, 4.8),
	(873, 10, NULL, NULL, NULL, 3, 6, NULL, NULL, 2, 1, NULL, 4.9),
	(874, 10, NULL, NULL, NULL, 3, 7, NULL, NULL, 2, 1, NULL, 5.1),
	(875, 10, NULL, NULL, NULL, 3, 8, NULL, NULL, 2, 1, NULL, 5.5),
	(876, 10, NULL, NULL, NULL, 3, 9, NULL, NULL, 2, 1, NULL, 5.9),
	(877, 10, NULL, NULL, NULL, 3, 10, NULL, NULL, 2, 1, NULL, 6.4),
	(878, 10, NULL, NULL, NULL, 5, 0, NULL, NULL, 1, 1, NULL, 2.9),
	(879, 10, NULL, NULL, NULL, 5, 1, NULL, NULL, 1, 1, NULL, 3),
	(880, 10, NULL, NULL, NULL, 5, 2, NULL, NULL, 1, 1, NULL, 3.1),
	(881, 10, NULL, NULL, NULL, 5, 3, NULL, NULL, 1, 1, NULL, 3.2),
	(882, 10, NULL, NULL, NULL, 5, 5, NULL, NULL, 1, 1, NULL, 3.4),
	(883, 10, NULL, NULL, NULL, 5, 6, NULL, NULL, 1, 1, NULL, 3.6),
	(884, 10, NULL, NULL, NULL, 5, 7, NULL, NULL, 1, 1, NULL, 3.8),
	(885, 10, NULL, NULL, NULL, 5, 8, NULL, NULL, 1, 1, NULL, 4.1),
	(886, 10, NULL, NULL, NULL, 5, 9, NULL, NULL, 1, 1, NULL, 4.4),
	(887, 10, NULL, NULL, NULL, 5, 10, NULL, NULL, 1, 1, NULL, 4.7),
	(888, 10, NULL, NULL, NULL, 5, 4, NULL, NULL, 1, 1, NULL, 3.3),
	(889, 11, NULL, NULL, NULL, 1, 0, NULL, NULL, 1, 1, NULL, 8.5),
	(890, 11, NULL, NULL, NULL, 1, 1, NULL, NULL, 1, 1, NULL, 8.9),
	(891, 11, NULL, NULL, NULL, 1, 2, NULL, NULL, 1, 1, NULL, 9.3),
	(892, 11, NULL, NULL, NULL, 1, 3, NULL, NULL, 1, 1, NULL, 9.5),
	(893, 11, NULL, NULL, NULL, 1, 4, NULL, NULL, 1, 1, NULL, 9.7),
	(894, 11, NULL, NULL, NULL, 1, 0, NULL, NULL, 1, NULL, NULL, 8.9),
	(895, 11, NULL, NULL, NULL, 1, 1, NULL, NULL, 1, NULL, NULL, 9.3),
	(896, 11, NULL, NULL, NULL, 1, 2, NULL, NULL, 1, NULL, NULL, 9.7),
	(897, 11, NULL, NULL, NULL, 1, 3, NULL, NULL, 1, NULL, NULL, 9.9),
	(898, 11, NULL, NULL, NULL, 1, 4, NULL, NULL, 1, NULL, NULL, 10.1),
	(899, 11, NULL, NULL, NULL, 1, 0, NULL, NULL, 1, 3, NULL, 10),
	(900, 11, NULL, NULL, NULL, 1, 1, NULL, NULL, 1, 3, NULL, 10.5),
	(901, 11, NULL, NULL, NULL, 1, 2, NULL, NULL, 1, 3, NULL, 11),
	(902, 11, NULL, NULL, NULL, 1, 3, NULL, NULL, 1, 3, NULL, 11.2),
	(903, 11, NULL, NULL, NULL, 1, 4, NULL, NULL, 1, 3, NULL, 11.4),
	(904, 11, NULL, NULL, NULL, 1, 0, NULL, NULL, 2, 1, NULL, 7.7),
	(905, 11, NULL, NULL, NULL, 1, 1, NULL, NULL, 2, 1, NULL, 8.1),
	(906, 11, NULL, NULL, NULL, 1, 2, NULL, NULL, 2, 1, NULL, 8.5),
	(907, 11, NULL, NULL, NULL, 1, 3, NULL, NULL, 2, 1, NULL, 8.7),
	(908, 11, NULL, NULL, NULL, 1, 4, NULL, NULL, 2, 1, NULL, 8.9),
	(909, 11, NULL, NULL, NULL, 1, 0, NULL, NULL, 2, NULL, NULL, 8.1),
	(910, 11, NULL, NULL, NULL, 1, 1, NULL, NULL, 2, NULL, NULL, 8.5),
	(911, 11, NULL, NULL, NULL, 1, 2, NULL, NULL, 2, NULL, NULL, 8.9),
	(912, 11, NULL, NULL, NULL, 1, 3, NULL, NULL, 2, NULL, NULL, 9.1),
	(913, 11, NULL, NULL, NULL, 1, 4, NULL, NULL, 2, NULL, NULL, 9.4),
	(914, 11, NULL, NULL, NULL, 1, 0, NULL, NULL, 2, 3, NULL, 9.2),
	(915, 11, NULL, NULL, NULL, 1, 1, NULL, NULL, 2, 3, NULL, 9.7),
	(916, 11, NULL, NULL, NULL, 1, 2, NULL, NULL, 2, 3, NULL, 10.2),
	(917, 11, NULL, NULL, NULL, 1, 3, NULL, NULL, 2, 3, NULL, 10.4),
	(918, 11, NULL, NULL, NULL, 1, 4, NULL, NULL, 2, 3, NULL, 10.7),
	(919, 11, NULL, NULL, NULL, 2, 0, NULL, NULL, 1, 1, NULL, 8),
	(920, 11, NULL, NULL, NULL, 2, 1, NULL, NULL, 1, 1, NULL, 8.4),
	(921, 11, NULL, NULL, NULL, 2, 2, NULL, NULL, 1, 1, NULL, 8.8),
	(922, 11, NULL, NULL, NULL, 2, 3, NULL, NULL, 1, 1, NULL, 8.9),
	(923, 11, NULL, NULL, NULL, 2, 4, NULL, NULL, 1, 1, NULL, 9.1),
	(924, 11, NULL, NULL, NULL, 2, 0, NULL, NULL, 1, NULL, NULL, 8.4),
	(925, 11, NULL, NULL, NULL, 2, 1, NULL, NULL, 1, NULL, NULL, 8.8),
	(926, 11, NULL, NULL, NULL, 2, 2, NULL, NULL, 1, NULL, NULL, 9.2),
	(927, 11, NULL, NULL, NULL, 2, 3, NULL, NULL, 1, NULL, NULL, 9.4),
	(928, 11, NULL, NULL, NULL, 2, 4, NULL, NULL, 1, NULL, NULL, 9.6),
	(929, 11, NULL, NULL, NULL, 2, 0, NULL, NULL, 1, 3, NULL, 9.4),
	(930, 11, NULL, NULL, NULL, 2, 1, NULL, NULL, 1, 3, NULL, 9.9),
	(931, 11, NULL, NULL, NULL, 2, 2, NULL, NULL, 1, 3, NULL, 10.4),
	(932, 11, NULL, NULL, NULL, 2, 3, NULL, NULL, 1, 3, NULL, 10.5),
	(933, 11, NULL, NULL, NULL, 2, 4, NULL, NULL, 1, 3, NULL, 10.8),
	(934, 11, NULL, NULL, NULL, 2, 0, NULL, NULL, 2, 1, NULL, 7.3),
	(935, 11, NULL, NULL, NULL, 2, 1, NULL, NULL, 2, 1, NULL, 7.7),
	(936, 11, NULL, NULL, NULL, 2, 2, NULL, NULL, 2, 1, NULL, 8.1),
	(937, 11, NULL, NULL, NULL, 2, 3, NULL, NULL, 2, 1, NULL, 8.2),
	(938, 11, NULL, NULL, NULL, 2, 4, NULL, NULL, 2, 1, NULL, 8.4),
	(939, 11, NULL, NULL, NULL, 2, 0, NULL, NULL, 2, NULL, NULL, 7.7),
	(940, 11, NULL, NULL, NULL, 2, 1, NULL, NULL, 2, NULL, NULL, 8.1),
	(941, 11, NULL, NULL, NULL, 2, 2, NULL, NULL, 2, NULL, NULL, 8.5),
	(942, 11, NULL, NULL, NULL, 2, 3, NULL, NULL, 2, NULL, NULL, 8.7),
	(943, 11, NULL, NULL, NULL, 2, 4, NULL, NULL, 2, NULL, NULL, 8.9),
	(944, 11, NULL, NULL, NULL, 2, 0, NULL, NULL, 2, 3, NULL, 8.7),
	(945, 11, NULL, NULL, NULL, 2, 1, NULL, NULL, 2, 3, NULL, 9.2),
	(946, 11, NULL, NULL, NULL, 2, 2, NULL, NULL, 2, 3, NULL, 9.7),
	(947, 11, NULL, NULL, NULL, 2, 3, NULL, NULL, 2, 3, NULL, 9.8),
	(948, 11, NULL, NULL, NULL, 2, 4, NULL, NULL, 2, 3, NULL, 10.1),
	(949, 11, NULL, NULL, NULL, 3, 0, NULL, NULL, 1, 1, NULL, 8.3),
	(950, 11, NULL, NULL, NULL, 3, 1, NULL, NULL, 1, 1, NULL, 8.3),
	(951, 11, NULL, NULL, NULL, 3, 2, NULL, NULL, 1, 1, NULL, 8.3),
	(952, 11, NULL, NULL, NULL, 3, 3, NULL, NULL, 1, 1, NULL, 8.3),
	(953, 11, NULL, NULL, NULL, 3, 4, NULL, NULL, 1, 1, NULL, 8.3),
	(954, 11, NULL, NULL, NULL, 3, 5, NULL, NULL, 1, 1, NULL, 8.5),
	(955, 11, NULL, NULL, NULL, 3, 6, NULL, NULL, 1, 1, NULL, 9),
	(956, 11, NULL, NULL, NULL, 3, 7, NULL, NULL, 1, 1, NULL, 9.6),
	(957, 11, NULL, NULL, NULL, 3, 8, NULL, NULL, 1, 1, NULL, 10.3),
	(958, 11, NULL, NULL, NULL, 3, 9, NULL, NULL, 1, 1, NULL, 10.9),
	(959, 11, NULL, NULL, NULL, 3, 10, NULL, NULL, 1, 1, NULL, 11.8),
	(960, 11, NULL, NULL, NULL, 3, 0, NULL, NULL, 2, 1, NULL, 7.6),
	(961, 11, NULL, NULL, NULL, 3, 1, NULL, NULL, 2, 1, NULL, 7.6),
	(962, 11, NULL, NULL, NULL, 3, 2, NULL, NULL, 2, 1, NULL, 7.6),
	(963, 11, NULL, NULL, NULL, 3, 3, NULL, NULL, 2, 1, NULL, 7.6),
	(964, 11, NULL, NULL, NULL, 3, 4, NULL, NULL, 2, 1, NULL, 7.6),
	(965, 11, NULL, NULL, NULL, 3, 5, NULL, NULL, 2, 1, NULL, 7.8),
	(966, 11, NULL, NULL, NULL, 3, 6, NULL, NULL, 2, 1, NULL, 8.3),
	(967, 11, NULL, NULL, NULL, 3, 7, NULL, NULL, 2, 1, NULL, 8.9),
	(968, 11, NULL, NULL, NULL, 3, 8, NULL, NULL, 2, 1, NULL, 9.6),
	(969, 11, NULL, NULL, NULL, 3, 9, NULL, NULL, 2, 1, NULL, 10.3),
	(970, 11, NULL, NULL, NULL, 3, 10, NULL, NULL, 2, 1, NULL, 11.2),
	(971, 11, NULL, NULL, NULL, 5, 0, NULL, NULL, 1, 1, NULL, 4.8),
	(972, 11, NULL, NULL, NULL, 5, 1, NULL, NULL, 1, 1, NULL, 5),
	(973, 11, NULL, NULL, NULL, 5, 2, NULL, NULL, 1, 1, NULL, 5.2),
	(974, 11, NULL, NULL, NULL, 5, 3, NULL, NULL, 1, 1, NULL, 5.3),
	(975, 11, NULL, NULL, NULL, 5, 5, NULL, NULL, 1, 1, NULL, 5.7),
	(976, 11, NULL, NULL, NULL, 5, 6, NULL, NULL, 1, 1, NULL, 6),
	(977, 11, NULL, NULL, NULL, 5, 7, NULL, NULL, 1, 1, NULL, 6.4),
	(978, 11, NULL, NULL, NULL, 5, 8, NULL, NULL, 1, 1, NULL, 6.9),
	(979, 11, NULL, NULL, NULL, 5, 9, NULL, NULL, 1, 1, NULL, 7.4),
	(980, 11, NULL, NULL, NULL, 5, 10, NULL, NULL, 1, 1, NULL, 7.9),
	(981, 11, NULL, NULL, NULL, 5, 4, NULL, NULL, 1, 1, NULL, 5.5),
	(982, 12, NULL, NULL, NULL, 1, 0, NULL, NULL, 1, 1, NULL, 3.5),
	(983, 12, NULL, NULL, NULL, 1, 1, NULL, NULL, 1, 1, NULL, 3.7),
	(984, 12, NULL, NULL, NULL, 1, 2, NULL, NULL, 1, 1, NULL, 3.8),
	(985, 12, NULL, NULL, NULL, 1, 3, NULL, NULL, 1, 1, NULL, 3.9),
	(986, 12, NULL, NULL, NULL, 1, 4, NULL, NULL, 1, 1, NULL, 4),
	(987, 12, NULL, NULL, NULL, 1, 0, NULL, NULL, 1, NULL, NULL, 3.6),
	(988, 12, NULL, NULL, NULL, 1, 1, NULL, NULL, 1, NULL, NULL, 3.8),
	(989, 12, NULL, NULL, NULL, 1, 2, NULL, NULL, 1, NULL, NULL, 3.9),
	(990, 12, NULL, NULL, NULL, 1, 3, NULL, NULL, 1, NULL, NULL, 4),
	(991, 12, NULL, NULL, NULL, 1, 4, NULL, NULL, 1, NULL, NULL, 4.1),
	(992, 12, NULL, NULL, NULL, 1, 0, NULL, NULL, 1, 3, NULL, 4.1),
	(993, 12, NULL, NULL, NULL, 1, 1, NULL, NULL, 1, 3, NULL, 4.3),
	(994, 12, NULL, NULL, NULL, 1, 2, NULL, NULL, 1, 3, NULL, 4.5),
	(995, 12, NULL, NULL, NULL, 1, 3, NULL, NULL, 1, 3, NULL, 4.6),
	(996, 12, NULL, NULL, NULL, 1, 4, NULL, NULL, 1, 3, NULL, 4.7),
	(997, 12, NULL, NULL, NULL, 1, 0, NULL, NULL, 2, 1, NULL, 3),
	(998, 12, NULL, NULL, NULL, 1, 1, NULL, NULL, 2, 1, NULL, 3.2),
	(999, 12, NULL, NULL, NULL, 1, 2, NULL, NULL, 2, 1, NULL, 3.3),
	(1000, 12, NULL, NULL, NULL, 1, 3, NULL, NULL, 2, 1, NULL, 3.4),
	(1001, 12, NULL, NULL, NULL, 1, 4, NULL, NULL, 2, 1, NULL, 3.5),
	(1002, 12, NULL, NULL, NULL, 1, 0, NULL, NULL, 2, NULL, NULL, 3.1),
	(1003, 12, NULL, NULL, NULL, 1, 1, NULL, NULL, 2, NULL, NULL, 3.3),
	(1004, 12, NULL, NULL, NULL, 1, 2, NULL, NULL, 2, NULL, NULL, 3.4),
	(1005, 12, NULL, NULL, NULL, 1, 3, NULL, NULL, 2, NULL, NULL, 3.5),
	(1006, 12, NULL, NULL, NULL, 1, 4, NULL, NULL, 2, NULL, NULL, 3.6),
	(1007, 12, NULL, NULL, NULL, 1, 0, NULL, NULL, 2, 3, NULL, 3.6),
	(1008, 12, NULL, NULL, NULL, 1, 1, NULL, NULL, 2, 3, NULL, 3.8),
	(1009, 12, NULL, NULL, NULL, 1, 2, NULL, NULL, 2, 3, NULL, 4),
	(1010, 12, NULL, NULL, NULL, 1, 3, NULL, NULL, 2, 3, NULL, 4.1),
	(1011, 12, NULL, NULL, NULL, 1, 4, NULL, NULL, 2, 3, NULL, 4.2),
	(1012, 12, NULL, NULL, NULL, 2, 0, NULL, NULL, 1, 1, NULL, 3.4),
	(1013, 12, NULL, NULL, NULL, 2, 1, NULL, NULL, 1, 1, NULL, 3.5),
	(1014, 12, NULL, NULL, NULL, 2, 2, NULL, NULL, 1, 1, NULL, 3.6),
	(1015, 12, NULL, NULL, NULL, 2, 3, NULL, NULL, 1, 1, NULL, 3.7),
	(1016, 12, NULL, NULL, NULL, 2, 4, NULL, NULL, 1, 1, NULL, 3.8),
	(1017, 12, NULL, NULL, NULL, 2, 0, NULL, NULL, 1, NULL, NULL, 3.5),
	(1018, 12, NULL, NULL, NULL, 2, 1, NULL, NULL, 1, NULL, NULL, 3.6),
	(1019, 12, NULL, NULL, NULL, 2, 2, NULL, NULL, 1, NULL, NULL, 3.7),
	(1020, 12, NULL, NULL, NULL, 2, 3, NULL, NULL, 1, NULL, NULL, 3.9),
	(1021, 12, NULL, NULL, NULL, 2, 4, NULL, NULL, 1, NULL, NULL, 4),
	(1022, 12, NULL, NULL, NULL, 2, 0, NULL, NULL, 1, 3, NULL, 3.9),
	(1023, 12, NULL, NULL, NULL, 2, 1, NULL, NULL, 1, 3, NULL, 4.1),
	(1024, 12, NULL, NULL, NULL, 2, 2, NULL, NULL, 1, 3, NULL, 4.3),
	(1025, 12, NULL, NULL, NULL, 2, 3, NULL, NULL, 1, 3, NULL, 4.4),
	(1026, 12, NULL, NULL, NULL, 2, 4, NULL, NULL, 1, 3, NULL, 4.5),
	(1027, 12, NULL, NULL, NULL, 2, 0, NULL, NULL, 2, 1, NULL, 2.9),
	(1028, 12, NULL, NULL, NULL, 2, 1, NULL, NULL, 2, 1, NULL, 3),
	(1029, 12, NULL, NULL, NULL, 2, 2, NULL, NULL, 2, 1, NULL, 3.1),
	(1030, 12, NULL, NULL, NULL, 2, 3, NULL, NULL, 2, 1, NULL, 3.2),
	(1031, 12, NULL, NULL, NULL, 2, 4, NULL, NULL, 2, 1, NULL, 3.3),
	(1032, 12, NULL, NULL, NULL, 2, 0, NULL, NULL, 2, NULL, NULL, 3),
	(1033, 12, NULL, NULL, NULL, 2, 1, NULL, NULL, 2, NULL, NULL, 3.2),
	(1034, 12, NULL, NULL, NULL, 2, 2, NULL, NULL, 2, NULL, NULL, 3.3),
	(1035, 12, NULL, NULL, NULL, 2, 3, NULL, NULL, 2, NULL, NULL, 3.4),
	(1036, 12, NULL, NULL, NULL, 2, 4, NULL, NULL, 2, NULL, NULL, 3.5),
	(1037, 12, NULL, NULL, NULL, 2, 0, NULL, NULL, 2, 3, NULL, 3.4),
	(1038, 12, NULL, NULL, NULL, 2, 1, NULL, NULL, 2, 3, NULL, 3.6),
	(1039, 12, NULL, NULL, NULL, 2, 2, NULL, NULL, 2, 3, NULL, 3.8),
	(1040, 12, NULL, NULL, NULL, 2, 3, NULL, NULL, 2, 3, NULL, 3.9),
	(1041, 12, NULL, NULL, NULL, 2, 4, NULL, NULL, 2, 3, NULL, 4),
	(1042, 12, NULL, NULL, NULL, 3, 0, NULL, NULL, 1, 1, NULL, 3.8),
	(1043, 12, NULL, NULL, NULL, 3, 1, NULL, NULL, 1, 1, NULL, 3.8),
	(1044, 12, NULL, NULL, NULL, 3, 2, NULL, NULL, 1, 1, NULL, 3.8),
	(1045, 12, NULL, NULL, NULL, 3, 3, NULL, NULL, 1, 1, NULL, 3.8),
	(1046, 12, NULL, NULL, NULL, 3, 4, NULL, NULL, 1, 1, NULL, 3.8),
	(1047, 12, NULL, NULL, NULL, 3, 5, NULL, NULL, 1, 1, NULL, 3.9),
	(1048, 12, NULL, NULL, NULL, 3, 6, NULL, NULL, 1, 1, NULL, 4),
	(1049, 12, NULL, NULL, NULL, 3, 7, NULL, NULL, 1, 1, NULL, 4.1),
	(1050, 12, NULL, NULL, NULL, 3, 8, NULL, NULL, 1, 1, NULL, 4.3),
	(1051, 12, NULL, NULL, NULL, 3, 9, NULL, NULL, 1, 1, NULL, 4.6),
	(1052, 12, NULL, NULL, NULL, 3, 10, NULL, NULL, 1, 1, NULL, 4.9),
	(1053, 12, NULL, NULL, NULL, 3, 0, NULL, NULL, 2, 1, NULL, 3.3),
	(1054, 12, NULL, NULL, NULL, 3, 1, NULL, NULL, 2, 1, NULL, 3.3),
	(1055, 12, NULL, NULL, NULL, 3, 2, NULL, NULL, 2, 1, NULL, 3.3),
	(1056, 12, NULL, NULL, NULL, 3, 3, NULL, NULL, 2, 1, NULL, 3.3),
	(1057, 12, NULL, NULL, NULL, 3, 4, NULL, NULL, 2, 1, NULL, 3.3),
	(1058, 12, NULL, NULL, NULL, 3, 5, NULL, NULL, 2, 1, NULL, 3.4),
	(1059, 12, NULL, NULL, NULL, 3, 6, NULL, NULL, 2, 1, NULL, 3.5),
	(1060, 12, NULL, NULL, NULL, 3, 7, NULL, NULL, 2, 1, NULL, 3.6),
	(1061, 12, NULL, NULL, NULL, 3, 8, NULL, NULL, 2, 1, NULL, 3.9),
	(1062, 12, NULL, NULL, NULL, 3, 9, NULL, NULL, 2, 1, NULL, 4.2),
	(1063, 12, NULL, NULL, NULL, 3, 10, NULL, NULL, 2, 1, NULL, 4.5),
	(1064, 12, NULL, NULL, NULL, 5, 0, NULL, NULL, 1, 1, NULL, 2),
	(1065, 12, NULL, NULL, NULL, 5, 1, NULL, NULL, 1, 1, NULL, 2.1),
	(1066, 12, NULL, NULL, NULL, 5, 2, NULL, NULL, 1, 1, NULL, 2.2),
	(1067, 12, NULL, NULL, NULL, 5, 3, NULL, NULL, 1, 1, NULL, 2.3),
	(1068, 12, NULL, NULL, NULL, 5, 5, NULL, NULL, 1, 1, NULL, 2.5),
	(1069, 12, NULL, NULL, NULL, 5, 6, NULL, NULL, 1, 1, NULL, 2.6),
	(1070, 12, NULL, NULL, NULL, 5, 7, NULL, NULL, 1, 1, NULL, 2.7),
	(1071, 12, NULL, NULL, NULL, 5, 8, NULL, NULL, 1, 1, NULL, 2.8),
	(1072, 12, NULL, NULL, NULL, 5, 9, NULL, NULL, 1, 1, NULL, 3),
	(1073, 12, NULL, NULL, NULL, 5, 10, NULL, NULL, 1, 1, NULL, 3.3),
	(1074, 12, NULL, NULL, NULL, 5, 4, NULL, NULL, 1, 1, NULL, 2.4),
	(1075, 13, NULL, NULL, NULL, 1, 0, NULL, NULL, 1, 1, NULL, 2.5),
	(1076, 13, NULL, NULL, NULL, 1, 1, NULL, NULL, 1, 1, NULL, 2.6),
	(1077, 13, NULL, NULL, NULL, 1, 2, NULL, NULL, 1, 1, NULL, 2.7),
	(1078, 13, NULL, NULL, NULL, 1, 3, NULL, NULL, 1, 1, NULL, 2.8),
	(1079, 13, NULL, NULL, NULL, 1, 4, NULL, NULL, 1, 1, NULL, 2.9),
	(1080, 13, NULL, NULL, NULL, 1, 0, NULL, NULL, 1, NULL, NULL, 2.7),
	(1081, 13, NULL, NULL, NULL, 1, 1, NULL, NULL, 1, NULL, NULL, 2.8),
	(1082, 13, NULL, NULL, NULL, 1, 2, NULL, NULL, 1, NULL, NULL, 2.9),
	(1083, 13, NULL, NULL, NULL, 1, 3, NULL, NULL, 1, NULL, NULL, 3),
	(1084, 13, NULL, NULL, NULL, 1, 4, NULL, NULL, 1, NULL, NULL, 3.1),
	(1085, 13, NULL, NULL, NULL, 1, 0, NULL, NULL, 1, 3, NULL, 3),
	(1086, 13, NULL, NULL, NULL, 1, 1, NULL, NULL, 1, 3, NULL, 3.1),
	(1087, 13, NULL, NULL, NULL, 1, 2, NULL, NULL, 1, 3, NULL, 3.2),
	(1088, 13, NULL, NULL, NULL, 1, 3, NULL, NULL, 1, 3, NULL, 3.3),
	(1089, 13, NULL, NULL, NULL, 1, 4, NULL, NULL, 1, 3, NULL, 3.4),
	(1090, 13, NULL, NULL, NULL, 1, 0, NULL, NULL, 2, 1, NULL, 2.1),
	(1091, 13, NULL, NULL, NULL, 1, 1, NULL, NULL, 2, 1, NULL, 2.2),
	(1092, 13, NULL, NULL, NULL, 1, 2, NULL, NULL, 2, 1, NULL, 2.3),
	(1093, 13, NULL, NULL, NULL, 1, 3, NULL, NULL, 2, 1, NULL, 2.4),
	(1094, 13, NULL, NULL, NULL, 1, 4, NULL, NULL, 2, 1, NULL, 2.5),
	(1095, 13, NULL, NULL, NULL, 1, 0, NULL, NULL, 2, NULL, NULL, 2.3),
	(1096, 13, NULL, NULL, NULL, 1, 1, NULL, NULL, 2, NULL, NULL, 2.4),
	(1097, 13, NULL, NULL, NULL, 1, 2, NULL, NULL, 2, NULL, NULL, 2.5),
	(1098, 13, NULL, NULL, NULL, 1, 3, NULL, NULL, 2, NULL, NULL, 2.6),
	(1099, 13, NULL, NULL, NULL, 1, 4, NULL, NULL, 2, NULL, NULL, 2.7),
	(1100, 13, NULL, NULL, NULL, 1, 0, NULL, NULL, 2, 3, NULL, 2.5),
	(1101, 13, NULL, NULL, NULL, 1, 1, NULL, NULL, 2, 3, NULL, 2.7),
	(1102, 13, NULL, NULL, NULL, 1, 2, NULL, NULL, 2, 3, NULL, 2.8),
	(1103, 13, NULL, NULL, NULL, 1, 3, NULL, NULL, 2, 3, NULL, 2.9),
	(1104, 13, NULL, NULL, NULL, 1, 4, NULL, NULL, 2, 3, NULL, 3),
	(1105, 13, NULL, NULL, NULL, 2, 0, NULL, NULL, 1, 1, NULL, 2.3),
	(1106, 13, NULL, NULL, NULL, 2, 1, NULL, NULL, 1, 1, NULL, 2.4),
	(1107, 13, NULL, NULL, NULL, 2, 2, NULL, NULL, 1, 1, NULL, 2.5),
	(1108, 13, NULL, NULL, NULL, 2, 3, NULL, NULL, 1, 1, NULL, 2.6),
	(1109, 13, NULL, NULL, NULL, 2, 4, NULL, NULL, 1, 1, NULL, 2.7),
	(1110, 13, NULL, NULL, NULL, 2, 0, NULL, NULL, 1, NULL, NULL, 2.5),
	(1111, 13, NULL, NULL, NULL, 2, 1, NULL, NULL, 1, NULL, NULL, 2.6),
	(1112, 13, NULL, NULL, NULL, 2, 2, NULL, NULL, 1, NULL, NULL, 2.7),
	(1113, 13, NULL, NULL, NULL, 2, 3, NULL, NULL, 1, NULL, NULL, 2.8),
	(1114, 13, NULL, NULL, NULL, 2, 4, NULL, NULL, 1, NULL, NULL, 2.9),
	(1115, 13, NULL, NULL, NULL, 2, 0, NULL, NULL, 1, 3, NULL, 2.7),
	(1116, 13, NULL, NULL, NULL, 2, 1, NULL, NULL, 1, 3, NULL, 2.8),
	(1117, 13, NULL, NULL, NULL, 2, 2, NULL, NULL, 1, 3, NULL, 2.9),
	(1118, 13, NULL, NULL, NULL, 2, 3, NULL, NULL, 1, 3, NULL, 3),
	(1119, 13, NULL, NULL, NULL, 2, 4, NULL, NULL, 1, 3, NULL, 3.1),
	(1120, 13, NULL, NULL, NULL, 2, 0, NULL, NULL, 2, 1, NULL, 1.9),
	(1121, 13, NULL, NULL, NULL, 2, 1, NULL, NULL, 2, 1, NULL, 2),
	(1122, 13, NULL, NULL, NULL, 2, 2, NULL, NULL, 2, 1, NULL, 2.1),
	(1123, 13, NULL, NULL, NULL, 2, 3, NULL, NULL, 2, 1, NULL, 2.2),
	(1124, 13, NULL, NULL, NULL, 2, 4, NULL, NULL, 2, 1, NULL, 2.3),
	(1125, 13, NULL, NULL, NULL, 2, 0, NULL, NULL, 2, NULL, NULL, 2),
	(1126, 13, NULL, NULL, NULL, 2, 1, NULL, NULL, 2, NULL, NULL, 2.1),
	(1127, 13, NULL, NULL, NULL, 2, 2, NULL, NULL, 2, NULL, NULL, 2.2),
	(1128, 13, NULL, NULL, NULL, 2, 3, NULL, NULL, 2, NULL, NULL, 2.3),
	(1129, 13, NULL, NULL, NULL, 2, 4, NULL, NULL, 2, NULL, NULL, 2.4),
	(1130, 13, NULL, NULL, NULL, 2, 0, NULL, NULL, 2, 3, NULL, 2.3),
	(1131, 13, NULL, NULL, NULL, 2, 1, NULL, NULL, 2, 3, NULL, 2.4),
	(1132, 13, NULL, NULL, NULL, 2, 2, NULL, NULL, 2, 3, NULL, 2.5),
	(1133, 13, NULL, NULL, NULL, 2, 3, NULL, NULL, 2, 3, NULL, 2.6),
	(1134, 13, NULL, NULL, NULL, 2, 4, NULL, NULL, 2, 3, NULL, 2.7),
	(1135, 13, NULL, NULL, NULL, 3, 0, NULL, NULL, 1, 1, NULL, 2.8),
	(1136, 13, NULL, NULL, NULL, 3, 1, NULL, NULL, 1, 1, NULL, 2.8),
	(1137, 13, NULL, NULL, NULL, 3, 2, NULL, NULL, 1, 1, NULL, 2.8),
	(1138, 13, NULL, NULL, NULL, 3, 3, NULL, NULL, 1, 1, NULL, 2.8),
	(1139, 13, NULL, NULL, NULL, 3, 4, NULL, NULL, 1, 1, NULL, 2.8),
	(1140, 13, NULL, NULL, NULL, 3, 5, NULL, NULL, 1, 1, NULL, 2.9),
	(1141, 13, NULL, NULL, NULL, 3, 6, NULL, NULL, 1, 1, NULL, 3),
	(1142, 13, NULL, NULL, NULL, 3, 7, NULL, NULL, 1, 1, NULL, 3.1),
	(1143, 13, NULL, NULL, NULL, 3, 8, NULL, NULL, 1, 1, NULL, 3.2),
	(1144, 13, NULL, NULL, NULL, 3, 9, NULL, NULL, 1, 1, NULL, 3.3),
	(1145, 13, NULL, NULL, NULL, 3, 10, NULL, NULL, 1, 1, NULL, 3.4),
	(1146, 13, NULL, NULL, NULL, 3, 0, NULL, NULL, 2, 1, NULL, 2.3),
	(1147, 13, NULL, NULL, NULL, 3, 1, NULL, NULL, 2, 1, NULL, 2.3),
	(1148, 13, NULL, NULL, NULL, 3, 2, NULL, NULL, 2, 1, NULL, 2.3),
	(1149, 13, NULL, NULL, NULL, 3, 3, NULL, NULL, 2, 1, NULL, 2.3),
	(1150, 13, NULL, NULL, NULL, 3, 4, NULL, NULL, 2, 1, NULL, 2.3),
	(1151, 13, NULL, NULL, NULL, 3, 5, NULL, NULL, 2, 1, NULL, 2.4),
	(1152, 13, NULL, NULL, NULL, 3, 6, NULL, NULL, 2, 1, NULL, 2.5),
	(1153, 13, NULL, NULL, NULL, 3, 7, NULL, NULL, 2, 1, NULL, 2.6),
	(1154, 13, NULL, NULL, NULL, 3, 8, NULL, NULL, 2, 1, NULL, 2.7),
	(1155, 13, NULL, NULL, NULL, 3, 9, NULL, NULL, 2, 1, NULL, 2.9),
	(1156, 13, NULL, NULL, NULL, 3, 10, NULL, NULL, 2, 1, NULL, 3.1),
	(1157, 13, NULL, NULL, NULL, 5, 0, NULL, NULL, 1, 1, NULL, 1.4),
	(1158, 13, NULL, NULL, NULL, 5, 1, NULL, NULL, 1, 1, NULL, 1.5),
	(1159, 13, NULL, NULL, NULL, 5, 2, NULL, NULL, 1, 1, NULL, 1.6),
	(1160, 13, NULL, NULL, NULL, 5, 3, NULL, NULL, 1, 1, NULL, 1.7),
	(1161, 13, NULL, NULL, NULL, 5, 4, NULL, NULL, 1, 1, NULL, 1.7),
	(1162, 13, NULL, NULL, NULL, 5, 5, NULL, NULL, 1, 1, NULL, 1.8),
	(1163, 13, NULL, NULL, NULL, 5, 6, NULL, NULL, 1, 1, NULL, 1.9),
	(1164, 13, NULL, NULL, NULL, 5, 7, NULL, NULL, 1, 1, NULL, 2),
	(1165, 13, NULL, NULL, NULL, 5, 8, NULL, NULL, 1, 1, NULL, 2.1),
	(1166, 13, NULL, NULL, NULL, 5, 9, NULL, NULL, 1, 1, NULL, 2.3),
	(1167, 13, NULL, NULL, NULL, 5, 10, NULL, NULL, 1, 1, NULL, 2.4),
	(1168, 14, NULL, NULL, NULL, 1, 0, NULL, NULL, 1, 1, NULL, 1.9),
	(1169, 14, NULL, NULL, NULL, 1, 1, NULL, NULL, 1, 1, NULL, 2),
	(1170, 14, NULL, NULL, NULL, 1, 2, NULL, NULL, 1, 1, NULL, 2.1),
	(1171, 14, NULL, NULL, NULL, 1, 3, NULL, NULL, 1, 1, NULL, 2.2),
	(1172, 14, NULL, NULL, NULL, 1, 4, NULL, NULL, 1, 1, NULL, 2.3),
	(1173, 14, NULL, NULL, NULL, 1, 0, NULL, NULL, 1, NULL, NULL, 2),
	(1174, 14, NULL, NULL, NULL, 1, 1, NULL, NULL, 1, NULL, NULL, 2.1),
	(1175, 14, NULL, NULL, NULL, 1, 2, NULL, NULL, 1, NULL, NULL, 2.2),
	(1176, 14, NULL, NULL, NULL, 1, 3, NULL, NULL, 1, NULL, NULL, 2.3),
	(1177, 14, NULL, NULL, NULL, 1, 4, NULL, NULL, 1, NULL, NULL, 2.4),
	(1178, 14, NULL, NULL, NULL, 1, 0, NULL, NULL, 1, 3, NULL, 2.2),
	(1179, 14, NULL, NULL, NULL, 1, 1, NULL, NULL, 1, 3, NULL, 2.3),
	(1180, 14, NULL, NULL, NULL, 1, 2, NULL, NULL, 1, 3, NULL, 2.4),
	(1181, 14, NULL, NULL, NULL, 1, 3, NULL, NULL, 1, 3, NULL, 2.5),
	(1182, 14, NULL, NULL, NULL, 1, 4, NULL, NULL, 1, 3, NULL, 2.6),
	(1183, 14, NULL, NULL, NULL, 1, 0, NULL, NULL, 2, 1, NULL, 1.5),
	(1184, 14, NULL, NULL, NULL, 1, 1, NULL, NULL, 2, 1, NULL, 1.6),
	(1185, 14, NULL, NULL, NULL, 1, 2, NULL, NULL, 2, 1, NULL, 1.7),
	(1186, 14, NULL, NULL, NULL, 1, 3, NULL, NULL, 2, 1, NULL, 1.8),
	(1187, 14, NULL, NULL, NULL, 1, 4, NULL, NULL, 2, 1, NULL, 1.9),
	(1188, 14, NULL, NULL, NULL, 1, 0, NULL, NULL, 2, NULL, NULL, 1.6),
	(1189, 14, NULL, NULL, NULL, 1, 1, NULL, NULL, 2, NULL, NULL, 1.7),
	(1190, 14, NULL, NULL, NULL, 1, 2, NULL, NULL, 2, NULL, NULL, 1.8),
	(1191, 14, NULL, NULL, NULL, 1, 3, NULL, NULL, 2, NULL, NULL, 1.9),
	(1192, 14, NULL, NULL, NULL, 1, 4, NULL, NULL, 2, NULL, NULL, 2),
	(1193, 14, NULL, NULL, NULL, 1, 0, NULL, NULL, 2, 3, NULL, 1.8),
	(1194, 14, NULL, NULL, NULL, 1, 1, NULL, NULL, 2, 3, NULL, 1.9),
	(1195, 14, NULL, NULL, NULL, 1, 2, NULL, NULL, 2, 3, NULL, 2),
	(1196, 14, NULL, NULL, NULL, 1, 3, NULL, NULL, 2, 3, NULL, 2.1),
	(1197, 14, NULL, NULL, NULL, 1, 4, NULL, NULL, 2, 3, NULL, 2.2),
	(1198, 14, NULL, NULL, NULL, 2, 0, NULL, NULL, 1, 1, NULL, 1.8),
	(1199, 14, NULL, NULL, NULL, 2, 1, NULL, NULL, 1, 1, NULL, 1.9),
	(1200, 14, NULL, NULL, NULL, 2, 2, NULL, NULL, 1, 1, NULL, 2),
	(1201, 14, NULL, NULL, NULL, 2, 3, NULL, NULL, 1, 1, NULL, 2.1),
	(1202, 14, NULL, NULL, NULL, 2, 4, NULL, NULL, 1, 1, NULL, 2.2),
	(1203, 14, NULL, NULL, NULL, 2, 0, NULL, NULL, 1, NULL, NULL, 1.9),
	(1204, 14, NULL, NULL, NULL, 2, 1, NULL, NULL, 1, NULL, NULL, 2),
	(1205, 14, NULL, NULL, NULL, 2, 2, NULL, NULL, 1, NULL, NULL, 2.1),
	(1206, 14, NULL, NULL, NULL, 2, 3, NULL, NULL, 1, NULL, NULL, 2.2),
	(1207, 14, NULL, NULL, NULL, 2, 4, NULL, NULL, 1, NULL, NULL, 2.3),
	(1208, 14, NULL, NULL, NULL, 2, 0, NULL, NULL, 1, 3, NULL, 2.1),
	(1209, 14, NULL, NULL, NULL, 2, 1, NULL, NULL, 1, 3, NULL, 2.2),
	(1210, 14, NULL, NULL, NULL, 2, 2, NULL, NULL, 1, 3, NULL, 2.3),
	(1211, 14, NULL, NULL, NULL, 2, 3, NULL, NULL, 1, 3, NULL, 2.4),
	(1212, 14, NULL, NULL, NULL, 2, 4, NULL, NULL, 1, 3, NULL, 2.5),
	(1213, 14, NULL, NULL, NULL, 2, 0, NULL, NULL, 2, 1, NULL, 1.4),
	(1214, 14, NULL, NULL, NULL, 2, 1, NULL, NULL, 2, 1, NULL, 1.5),
	(1215, 14, NULL, NULL, NULL, 2, 2, NULL, NULL, 2, 1, NULL, 1.6),
	(1216, 14, NULL, NULL, NULL, 2, 3, NULL, NULL, 2, 1, NULL, 1.7),
	(1217, 14, NULL, NULL, NULL, 2, 4, NULL, NULL, 2, 1, NULL, 1.8),
	(1218, 14, NULL, NULL, NULL, 2, 0, NULL, NULL, 2, NULL, NULL, 1.5),
	(1219, 14, NULL, NULL, NULL, 2, 1, NULL, NULL, 2, NULL, NULL, 1.6),
	(1220, 14, NULL, NULL, NULL, 2, 2, NULL, NULL, 2, NULL, NULL, 1.7),
	(1221, 14, NULL, NULL, NULL, 2, 3, NULL, NULL, 2, NULL, NULL, 1.8),
	(1222, 14, NULL, NULL, NULL, 2, 4, NULL, NULL, 2, NULL, NULL, 1.9),
	(1223, 14, NULL, NULL, NULL, 2, 0, NULL, NULL, 2, 3, NULL, 1.6),
	(1224, 14, NULL, NULL, NULL, 2, 1, NULL, NULL, 2, 3, NULL, 1.7),
	(1225, 14, NULL, NULL, NULL, 2, 2, NULL, NULL, 2, 3, NULL, 1.8),
	(1226, 14, NULL, NULL, NULL, 2, 3, NULL, NULL, 2, 3, NULL, 1.9),
	(1227, 14, NULL, NULL, NULL, 2, 4, NULL, NULL, 2, 3, NULL, 2),
	(1228, 14, NULL, NULL, NULL, 3, 0, NULL, NULL, 1, 1, NULL, 2.2),
	(1229, 14, NULL, NULL, NULL, 3, 1, NULL, NULL, 1, 1, NULL, 2.2),
	(1230, 14, NULL, NULL, NULL, 3, 2, NULL, NULL, 1, 1, NULL, 2.2),
	(1231, 14, NULL, NULL, NULL, 3, 3, NULL, NULL, 1, 1, NULL, 2.2),
	(1232, 14, NULL, NULL, NULL, 3, 4, NULL, NULL, 1, 1, NULL, 2.2),
	(1233, 14, NULL, NULL, NULL, 3, 5, NULL, NULL, 1, 1, NULL, 2.3),
	(1234, 14, NULL, NULL, NULL, 3, 6, NULL, NULL, 1, 1, NULL, 2.4),
	(1235, 14, NULL, NULL, NULL, 3, 7, NULL, NULL, 1, 1, NULL, 2.5),
	(1236, 14, NULL, NULL, NULL, 3, 8, NULL, NULL, 1, 1, NULL, 2.6),
	(1237, 14, NULL, NULL, NULL, 3, 9, NULL, NULL, 1, 1, NULL, 2.7),
	(1238, 14, NULL, NULL, NULL, 3, 10, NULL, NULL, 1, 1, NULL, 2.8),
	(1239, 14, NULL, NULL, NULL, 3, 0, NULL, NULL, 2, 1, NULL, 1.8),
	(1240, 14, NULL, NULL, NULL, 3, 1, NULL, NULL, 2, 1, NULL, 1.8),
	(1241, 14, NULL, NULL, NULL, 3, 2, NULL, NULL, 2, 1, NULL, 1.8),
	(1242, 14, NULL, NULL, NULL, 3, 3, NULL, NULL, 2, 1, NULL, 1.8),
	(1243, 14, NULL, NULL, NULL, 3, 4, NULL, NULL, 2, 1, NULL, 1.8),
	(1244, 14, NULL, NULL, NULL, 3, 5, NULL, NULL, 2, 1, NULL, 1.9),
	(1245, 14, NULL, NULL, NULL, 3, 6, NULL, NULL, 2, 1, NULL, 2),
	(1246, 14, NULL, NULL, NULL, 3, 7, NULL, NULL, 2, 1, NULL, 2.1),
	(1247, 14, NULL, NULL, NULL, 3, 8, NULL, NULL, 2, 1, NULL, 2.2),
	(1248, 14, NULL, NULL, NULL, 3, 9, NULL, NULL, 2, 1, NULL, 2.3),
	(1249, 14, NULL, NULL, NULL, 3, 10, NULL, NULL, 2, 1, NULL, 2.4),
	(1250, 14, NULL, NULL, NULL, 5, 0, NULL, NULL, 1, 1, NULL, 1.1),
	(1251, 14, NULL, NULL, NULL, 5, 1, NULL, NULL, 1, 1, NULL, 1.1),
	(1252, 14, NULL, NULL, NULL, 5, 2, NULL, NULL, 1, 1, NULL, 1.2),
	(1253, 14, NULL, NULL, NULL, 5, 3, NULL, NULL, 1, 1, NULL, 1.2),
	(1254, 14, NULL, NULL, NULL, 5, 4, NULL, NULL, 1, 1, NULL, 1.2),
	(1255, 14, NULL, NULL, NULL, 5, 5, NULL, NULL, 1, 1, NULL, 1.3),
	(1256, 14, NULL, NULL, NULL, 5, 6, NULL, NULL, 1, 1, NULL, 1.3),
	(1257, 14, NULL, NULL, NULL, 5, 7, NULL, NULL, 1, 1, NULL, 1.4),
	(1258, 14, NULL, NULL, NULL, 5, 8, NULL, NULL, 1, 1, NULL, 1.5),
	(1259, 14, NULL, NULL, NULL, 5, 9, NULL, NULL, 1, 1, NULL, 1.6),
	(1260, 14, NULL, NULL, NULL, 5, 10, NULL, NULL, 1, 1, NULL, 1.7),
	(1261, 15, NULL, NULL, NULL, 1, 0, NULL, NULL, 1, 1, NULL, 2.4),
	(1262, 15, NULL, NULL, NULL, 1, 1, NULL, NULL, 1, 1, NULL, 2.5),
	(1263, 15, NULL, NULL, NULL, 1, 2, NULL, NULL, 1, 1, NULL, 2.6),
	(1264, 15, NULL, NULL, NULL, 1, 3, NULL, NULL, 1, 1, NULL, 2.6),
	(1265, 15, NULL, NULL, NULL, 1, 4, NULL, NULL, 1, 1, NULL, 2.7),
	(1266, 15, NULL, NULL, NULL, 1, 0, NULL, NULL, 1, NULL, NULL, 2.5),
	(1267, 15, NULL, NULL, NULL, 1, 1, NULL, NULL, 1, NULL, NULL, 2.6),
	(1268, 15, NULL, NULL, NULL, 1, 2, NULL, NULL, 1, NULL, NULL, 2.7),
	(1269, 15, NULL, NULL, NULL, 1, 3, NULL, NULL, 1, NULL, NULL, 2.8),
	(1270, 15, NULL, NULL, NULL, 1, 4, NULL, NULL, 1, NULL, NULL, 2.9),
	(1271, 15, NULL, NULL, NULL, 1, 0, NULL, NULL, 1, 3, NULL, 2.8),
	(1272, 15, NULL, NULL, NULL, 1, 1, NULL, NULL, 1, 3, NULL, 2.9),
	(1273, 15, NULL, NULL, NULL, 1, 2, NULL, NULL, 1, 3, NULL, 3),
	(1274, 15, NULL, NULL, NULL, 1, 3, NULL, NULL, 1, 3, NULL, 3.1),
	(1275, 15, NULL, NULL, NULL, 1, 4, NULL, NULL, 1, 3, NULL, 3.2),
	(1276, 15, NULL, NULL, NULL, 1, 0, NULL, NULL, 2, 1, NULL, 2),
	(1277, 15, NULL, NULL, NULL, 1, 1, NULL, NULL, 2, 1, NULL, 2.1),
	(1278, 15, NULL, NULL, NULL, 1, 2, NULL, NULL, 2, 1, NULL, 2.3),
	(1279, 15, NULL, NULL, NULL, 1, 3, NULL, NULL, 2, 1, NULL, 2.3),
	(1280, 15, NULL, NULL, NULL, 1, 4, NULL, NULL, 2, 1, NULL, 2.4),
	(1281, 15, NULL, NULL, NULL, 1, 0, NULL, NULL, 2, NULL, NULL, 2.2),
	(1282, 15, NULL, NULL, NULL, 1, 1, NULL, NULL, 2, NULL, NULL, 2.3),
	(1283, 15, NULL, NULL, NULL, 1, 2, NULL, NULL, 2, NULL, NULL, 2.4),
	(1284, 15, NULL, NULL, NULL, 1, 3, NULL, NULL, 2, NULL, NULL, 2.5),
	(1285, 15, NULL, NULL, NULL, 1, 4, NULL, NULL, 2, NULL, NULL, 2.6),
	(1286, 15, NULL, NULL, NULL, 1, 0, NULL, NULL, 2, 3, NULL, 2.5),
	(1287, 15, NULL, NULL, NULL, 1, 1, NULL, NULL, 2, 3, NULL, 2.6),
	(1288, 15, NULL, NULL, NULL, 1, 2, NULL, NULL, 2, 3, NULL, 2.7),
	(1289, 15, NULL, NULL, NULL, 1, 3, NULL, NULL, 2, 3, NULL, 2.8),
	(1290, 15, NULL, NULL, NULL, 1, 4, NULL, NULL, 2, 3, NULL, 2.9),
	(1291, 15, NULL, NULL, NULL, 2, 0, NULL, NULL, 1, 1, NULL, 2.2),
	(1292, 15, NULL, NULL, NULL, 2, 1, NULL, NULL, 1, 1, NULL, 2.3),
	(1293, 15, NULL, NULL, NULL, 2, 2, NULL, NULL, 1, 1, NULL, 2.4),
	(1294, 15, NULL, NULL, NULL, 2, 3, NULL, NULL, 1, 1, NULL, 2.5),
	(1295, 15, NULL, NULL, NULL, 2, 4, NULL, NULL, 1, 1, NULL, 2.6),
	(1296, 15, NULL, NULL, NULL, 2, 0, NULL, NULL, 1, NULL, NULL, 2.3),
	(1297, 15, NULL, NULL, NULL, 2, 1, NULL, NULL, 1, NULL, NULL, 2.4),
	(1298, 15, NULL, NULL, NULL, 2, 2, NULL, NULL, 1, NULL, NULL, 2.5),
	(1299, 15, NULL, NULL, NULL, 2, 3, NULL, NULL, 1, NULL, NULL, 2.6),
	(1300, 15, NULL, NULL, NULL, 2, 4, NULL, NULL, 1, NULL, NULL, 2.7),
	(1301, 15, NULL, NULL, NULL, 2, 0, NULL, NULL, 1, 3, NULL, 2.6),
	(1302, 15, NULL, NULL, NULL, 2, 1, NULL, NULL, 1, 3, NULL, 2.7),
	(1303, 15, NULL, NULL, NULL, 2, 2, NULL, NULL, 1, 3, NULL, 2.8),
	(1304, 15, NULL, NULL, NULL, 2, 3, NULL, NULL, 1, 3, NULL, 2.9),
	(1305, 15, NULL, NULL, NULL, 2, 4, NULL, NULL, 1, 3, NULL, 3),
	(1306, 15, NULL, NULL, NULL, 2, 0, NULL, NULL, 2, 1, NULL, 1.8),
	(1307, 15, NULL, NULL, NULL, 2, 1, NULL, NULL, 2, 1, NULL, 1.9),
	(1308, 15, NULL, NULL, NULL, 2, 2, NULL, NULL, 2, 1, NULL, 2),
	(1309, 15, NULL, NULL, NULL, 2, 3, NULL, NULL, 2, 1, NULL, 2.1),
	(1310, 15, NULL, NULL, NULL, 2, 4, NULL, NULL, 2, 1, NULL, 2.2),
	(1311, 15, NULL, NULL, NULL, 2, 0, NULL, NULL, 2, NULL, NULL, 2),
	(1312, 15, NULL, NULL, NULL, 2, 1, NULL, NULL, 2, NULL, NULL, 2.1),
	(1313, 15, NULL, NULL, NULL, 2, 2, NULL, NULL, 2, NULL, NULL, 2.2),
	(1314, 15, NULL, NULL, NULL, 2, 3, NULL, NULL, 2, NULL, NULL, 2.3),
	(1315, 15, NULL, NULL, NULL, 2, 4, NULL, NULL, 2, NULL, NULL, 2.4),
	(1316, 15, NULL, NULL, NULL, 2, 0, NULL, NULL, 2, 3, NULL, 2.2),
	(1317, 15, NULL, NULL, NULL, 2, 1, NULL, NULL, 2, 3, NULL, 2.3),
	(1318, 15, NULL, NULL, NULL, 2, 2, NULL, NULL, 2, 3, NULL, 2.4),
	(1319, 15, NULL, NULL, NULL, 2, 3, NULL, NULL, 2, 3, NULL, 2.5),
	(1320, 15, NULL, NULL, NULL, 2, 4, NULL, NULL, 2, 3, NULL, 2.6),
	(1321, 15, NULL, NULL, NULL, 3, 0, NULL, NULL, 1, 1, NULL, 2.6),
	(1322, 15, NULL, NULL, NULL, 3, 1, NULL, NULL, 1, 1, NULL, 2.6),
	(1323, 15, NULL, NULL, NULL, 3, 2, NULL, NULL, 1, 1, NULL, 2.6),
	(1324, 15, NULL, NULL, NULL, 3, 3, NULL, NULL, 1, 1, NULL, 2.6),
	(1325, 15, NULL, NULL, NULL, 3, 4, NULL, NULL, 1, 1, NULL, 2.6),
	(1326, 15, NULL, NULL, NULL, 3, 5, NULL, NULL, 1, 1, NULL, 2.7),
	(1327, 15, NULL, NULL, NULL, 3, 6, NULL, NULL, 1, 1, NULL, 2.8),
	(1328, 15, NULL, NULL, NULL, 3, 7, NULL, NULL, 1, 1, NULL, 2.9),
	(1329, 15, NULL, NULL, NULL, 3, 8, NULL, NULL, 1, 1, NULL, 3),
	(1330, 15, NULL, NULL, NULL, 3, 9, NULL, NULL, 1, 1, NULL, 3.2),
	(1331, 15, NULL, NULL, NULL, 3, 10, NULL, NULL, 1, 1, NULL, 3.4),
	(1332, 15, NULL, NULL, NULL, 3, 0, NULL, NULL, 2, 1, NULL, 2.3),
	(1333, 15, NULL, NULL, NULL, 3, 1, NULL, NULL, 2, 1, NULL, 2.3),
	(1334, 15, NULL, NULL, NULL, 3, 2, NULL, NULL, 2, 1, NULL, 2.3),
	(1335, 15, NULL, NULL, NULL, 3, 3, NULL, NULL, 2, 1, NULL, 2.3),
	(1336, 15, NULL, NULL, NULL, 3, 4, NULL, NULL, 2, 1, NULL, 2.3),
	(1337, 15, NULL, NULL, NULL, 3, 5, NULL, NULL, 2, 1, NULL, 2.4),
	(1338, 15, NULL, NULL, NULL, 3, 6, NULL, NULL, 2, 1, NULL, 2.5),
	(1339, 15, NULL, NULL, NULL, 3, 7, NULL, NULL, 2, 1, NULL, 2.6),
	(1340, 15, NULL, NULL, NULL, 3, 8, NULL, NULL, 2, 1, NULL, 2.7),
	(1341, 15, NULL, NULL, NULL, 3, 9, NULL, NULL, 2, 1, NULL, 2.9),
	(1342, 15, NULL, NULL, NULL, 3, 10, NULL, NULL, 2, 1, NULL, 3.2),
	(1343, 15, NULL, NULL, NULL, 5, 0, NULL, NULL, 1, 1, NULL, 1.3),
	(1344, 15, NULL, NULL, NULL, 5, 1, NULL, NULL, 1, 1, NULL, 1.4),
	(1345, 15, NULL, NULL, NULL, 5, 2, NULL, NULL, 1, 1, NULL, 1.5),
	(1346, 15, NULL, NULL, NULL, 5, 3, NULL, NULL, 1, 1, NULL, 1.5),
	(1347, 15, NULL, NULL, NULL, 5, 4, NULL, NULL, 1, 1, NULL, 1.6),
	(1348, 15, NULL, NULL, NULL, 5, 5, NULL, NULL, 1, 1, NULL, 1.6),
	(1349, 15, NULL, NULL, NULL, 5, 6, NULL, NULL, 1, 1, NULL, 1.7),
	(1350, 15, NULL, NULL, NULL, 5, 7, NULL, NULL, 1, 1, NULL, 1.8),
	(1351, 15, NULL, NULL, NULL, 5, 8, NULL, NULL, 1, 1, NULL, 1.9),
	(1352, 15, NULL, NULL, NULL, 5, 9, NULL, NULL, 1, 1, NULL, 2.1),
	(1353, 15, NULL, NULL, NULL, 5, 10, NULL, NULL, 1, 1, NULL, 2.3),
	(1354, 7, NULL, NULL, NULL, 6, 0, NULL, NULL, 1, NULL, b'0', 6.6),
	(1355, 7, NULL, NULL, NULL, 6, 1, NULL, NULL, 1, NULL, b'0', 6.7),
	(1356, 7, NULL, NULL, NULL, 6, 2, NULL, NULL, 1, NULL, b'0', 6.8),
	(1357, 7, NULL, NULL, NULL, 6, 3, NULL, NULL, 1, NULL, b'0', 7.1),
	(1358, 7, NULL, NULL, NULL, 6, 4, NULL, NULL, 1, NULL, b'0', 7.5),
	(1359, 7, NULL, NULL, NULL, 6, 5, NULL, NULL, 1, NULL, b'0', 8),
	(1360, 7, NULL, NULL, NULL, 6, 6, NULL, NULL, 1, NULL, b'0', 8.5),
	(1361, 7, NULL, NULL, NULL, 6, 7, NULL, NULL, 1, NULL, b'0', 9.1),
	(1362, 7, NULL, NULL, NULL, 6, 0, NULL, NULL, 1, NULL, b'1', 6.1),
	(1363, 7, NULL, NULL, NULL, 6, 1, NULL, NULL, 1, NULL, b'1', 6.2),
	(1364, 7, NULL, NULL, NULL, 6, 2, NULL, NULL, 1, NULL, b'1', 6.3),
	(1365, 7, NULL, NULL, NULL, 6, 3, NULL, NULL, 1, NULL, b'1', 6.6),
	(1366, 7, NULL, NULL, NULL, 6, 4, NULL, NULL, 1, NULL, b'1', 6.9),
	(1367, 7, NULL, NULL, NULL, 6, 5, NULL, NULL, 1, NULL, b'1', 7.4),
	(1368, 7, NULL, NULL, NULL, 6, 6, NULL, NULL, 1, NULL, b'1', 7.9),
	(1369, 7, NULL, NULL, NULL, 6, 7, NULL, NULL, 1, NULL, b'1', 8.4),
	(1370, 7, NULL, NULL, NULL, 6, 0, NULL, NULL, 2, NULL, b'0', 5.6),
	(1371, 7, NULL, NULL, NULL, 6, 1, NULL, NULL, 2, NULL, b'0', 5.7),
	(1372, 7, NULL, NULL, NULL, 6, 2, NULL, NULL, 2, NULL, b'0', 5.8),
	(1373, 7, NULL, NULL, NULL, 6, 3, NULL, NULL, 2, NULL, b'0', 6.1),
	(1374, 7, NULL, NULL, NULL, 6, 4, NULL, NULL, 2, NULL, b'0', 6.5),
	(1375, 7, NULL, NULL, NULL, 6, 5, NULL, NULL, 2, NULL, b'0', 7),
	(1376, 7, NULL, NULL, NULL, 6, 6, NULL, NULL, 2, NULL, b'0', 7.5),
	(1377, 7, NULL, NULL, NULL, 6, 7, NULL, NULL, 2, NULL, b'0', 8.1),
	(1378, 7, NULL, NULL, NULL, 6, 0, NULL, NULL, 2, NULL, b'1', 5.1),
	(1379, 7, NULL, NULL, NULL, 6, 1, NULL, NULL, 2, NULL, b'1', 5.2),
	(1380, 7, NULL, NULL, NULL, 6, 2, NULL, NULL, 2, NULL, b'1', 5.3),
	(1381, 7, NULL, NULL, NULL, 6, 3, NULL, NULL, 2, NULL, b'1', 5.6),
	(1382, 7, NULL, NULL, NULL, 6, 4, NULL, NULL, 2, NULL, b'1', 5.9),
	(1383, 7, NULL, NULL, NULL, 6, 5, NULL, NULL, 2, NULL, b'1', 6.4),
	(1384, 7, NULL, NULL, NULL, 6, 6, NULL, NULL, 2, NULL, b'1', 6.9),
	(1385, 7, NULL, NULL, NULL, 6, 7, NULL, NULL, 2, NULL, b'1', 7.4),
	(1386, 8, NULL, NULL, NULL, 6, 0, NULL, NULL, 1, NULL, b'0', 9.3),
	(1387, 8, NULL, NULL, NULL, 6, 1, NULL, NULL, 1, NULL, b'0', 9.4),
	(1388, 8, NULL, NULL, NULL, 6, 2, NULL, NULL, 1, NULL, b'0', 9.6),
	(1389, 8, NULL, NULL, NULL, 6, 3, NULL, NULL, 1, NULL, b'0', 10),
	(1390, 8, NULL, NULL, NULL, 6, 4, NULL, NULL, 1, NULL, b'0', 10.5),
	(1391, 8, NULL, NULL, NULL, 6, 5, NULL, NULL, 1, NULL, b'0', 11.1),
	(1392, 8, NULL, NULL, NULL, 6, 6, NULL, NULL, 1, NULL, b'0', 11.9),
	(1393, 8, NULL, NULL, NULL, 6, 7, NULL, NULL, 1, NULL, b'0', 12.8),
	(1394, 8, NULL, NULL, NULL, 6, 0, NULL, NULL, 1, NULL, b'1', 8.6),
	(1395, 8, NULL, NULL, NULL, 6, 1, NULL, NULL, 1, NULL, b'1', 8.7),
	(1396, 8, NULL, NULL, NULL, 6, 2, NULL, NULL, 1, NULL, b'1', 8.9),
	(1397, 8, NULL, NULL, NULL, 6, 3, NULL, NULL, 1, NULL, b'1', 9.3),
	(1398, 8, NULL, NULL, NULL, 6, 4, NULL, NULL, 1, NULL, b'1', 9.7),
	(1399, 8, NULL, NULL, NULL, 6, 5, NULL, NULL, 1, NULL, b'1', 10.3),
	(1400, 8, NULL, NULL, NULL, 6, 6, NULL, NULL, 1, NULL, b'1', 11),
	(1401, 8, NULL, NULL, NULL, 6, 7, NULL, NULL, 1, NULL, b'1', 11.8),
	(1402, 8, NULL, NULL, NULL, 6, 0, NULL, NULL, 2, NULL, b'0', 8.1),
	(1403, 8, NULL, NULL, NULL, 6, 1, NULL, NULL, 2, NULL, b'0', 8.2),
	(1404, 8, NULL, NULL, NULL, 6, 2, NULL, NULL, 2, NULL, b'0', 8.4),
	(1405, 8, NULL, NULL, NULL, 6, 3, NULL, NULL, 2, NULL, b'0', 8.8),
	(1406, 8, NULL, NULL, NULL, 6, 4, NULL, NULL, 2, NULL, b'0', 9.4),
	(1407, 8, NULL, NULL, NULL, 6, 5, NULL, NULL, 2, NULL, b'0', 10),
	(1408, 8, NULL, NULL, NULL, 6, 6, NULL, NULL, 2, NULL, b'0', 10.8),
	(1409, 8, NULL, NULL, NULL, 6, 7, NULL, NULL, 2, NULL, b'0', 11.7),
	(1410, 8, NULL, NULL, NULL, 6, 0, NULL, NULL, 2, NULL, b'1', 7.4),
	(1411, 8, NULL, NULL, NULL, 6, 1, NULL, NULL, 2, NULL, b'1', 7.5),
	(1412, 8, NULL, NULL, NULL, 6, 2, NULL, NULL, 2, NULL, b'1', 7.7),
	(1413, 8, NULL, NULL, NULL, 6, 3, NULL, NULL, 2, NULL, b'1', 8.1),
	(1414, 8, NULL, NULL, NULL, 6, 4, NULL, NULL, 2, NULL, b'1', 8.6),
	(1415, 8, NULL, NULL, NULL, 6, 5, NULL, NULL, 2, NULL, b'1', 9.2),
	(1416, 8, NULL, NULL, NULL, 6, 6, NULL, NULL, 2, NULL, b'1', 9.9),
	(1417, 8, NULL, NULL, NULL, 6, 7, NULL, NULL, 2, NULL, b'1', 10.7),
	(1418, 9, NULL, NULL, NULL, 6, 0, NULL, NULL, 1, NULL, b'0', 7.7),
	(1419, 9, NULL, NULL, NULL, 6, 1, NULL, NULL, 1, NULL, b'0', 7.8),
	(1420, 9, NULL, NULL, NULL, 6, 2, NULL, NULL, 1, NULL, b'0', 7.9),
	(1421, 9, NULL, NULL, NULL, 6, 3, NULL, NULL, 1, NULL, b'0', 8.1),
	(1422, 9, NULL, NULL, NULL, 6, 4, NULL, NULL, 1, NULL, b'0', 8.5),
	(1423, 9, NULL, NULL, NULL, 6, 5, NULL, NULL, 1, NULL, b'0', 9),
	(1424, 9, NULL, NULL, NULL, 6, 6, NULL, NULL, 1, NULL, b'0', 9.6),
	(1425, 9, NULL, NULL, NULL, 6, 7, NULL, NULL, 1, NULL, b'0', 10.2),
	(1426, 9, NULL, NULL, NULL, 6, 0, NULL, NULL, 1, NULL, b'1', 7.2),
	(1427, 9, NULL, NULL, NULL, 6, 1, NULL, NULL, 1, NULL, b'1', 7.3),
	(1428, 9, NULL, NULL, NULL, 6, 2, NULL, NULL, 1, NULL, b'1', 7.3),
	(1429, 9, NULL, NULL, NULL, 6, 3, NULL, NULL, 1, NULL, b'1', 7.6),
	(1430, 9, NULL, NULL, NULL, 6, 4, NULL, NULL, 1, NULL, b'1', 8),
	(1431, 9, NULL, NULL, NULL, 6, 5, NULL, NULL, 1, NULL, b'1', 8.4),
	(1432, 9, NULL, NULL, NULL, 6, 6, NULL, NULL, 1, NULL, b'1', 8.9),
	(1433, 9, NULL, NULL, NULL, 6, 7, NULL, NULL, 1, NULL, b'1', 9.5),
	(1434, 9, NULL, NULL, NULL, 6, 0, NULL, NULL, 2, NULL, b'0', 5.9),
	(1435, 9, NULL, NULL, NULL, 6, 1, NULL, NULL, 2, NULL, b'0', 6),
	(1436, 9, NULL, NULL, NULL, 6, 2, NULL, NULL, 2, NULL, b'0', 6.2),
	(1437, 9, NULL, NULL, NULL, 6, 3, NULL, NULL, 2, NULL, b'0', 6.4),
	(1438, 9, NULL, NULL, NULL, 6, 4, NULL, NULL, 2, NULL, b'0', 6.8),
	(1439, 9, NULL, NULL, NULL, 6, 5, NULL, NULL, 2, NULL, b'0', 7.3),
	(1440, 9, NULL, NULL, NULL, 6, 6, NULL, NULL, 2, NULL, b'0', 7.9),
	(1441, 9, NULL, NULL, NULL, 6, 7, NULL, NULL, 2, NULL, b'0', 8.5),
	(1442, 9, NULL, NULL, NULL, 6, 0, NULL, NULL, 2, NULL, b'1', 5.4),
	(1443, 9, NULL, NULL, NULL, 6, 1, NULL, NULL, 2, NULL, b'1', 5.5),
	(1444, 9, NULL, NULL, NULL, 6, 2, NULL, NULL, 2, NULL, b'1', 5.6),
	(1445, 9, NULL, NULL, NULL, 6, 3, NULL, NULL, 2, NULL, b'1', 5.9),
	(1446, 9, NULL, NULL, NULL, 6, 4, NULL, NULL, 2, NULL, b'1', 6.3),
	(1447, 9, NULL, NULL, NULL, 6, 5, NULL, NULL, 2, NULL, b'1', 6.7),
	(1448, 9, NULL, NULL, NULL, 6, 6, NULL, NULL, 2, NULL, b'1', 7.2),
	(1449, 9, NULL, NULL, NULL, 6, 7, NULL, NULL, 2, NULL, b'1', 7.8),
	(1450, NULL, NULL, NULL, NULL, 6, 0, 400000, NULL, 1, NULL, b'0', 7.8),
	(1451, NULL, NULL, NULL, NULL, 6, 1, 400000, NULL, 1, NULL, b'0', 8.1),
	(1452, NULL, NULL, NULL, NULL, 6, 2, 400000, NULL, 1, NULL, b'0', 8.3),
	(1453, NULL, NULL, NULL, NULL, 6, 3, 400000, NULL, 1, NULL, b'0', 8.5),
	(1454, NULL, NULL, NULL, NULL, 6, 4, 400000, NULL, 1, NULL, b'0', 9),
	(1455, NULL, NULL, NULL, NULL, 6, 5, 400000, NULL, 1, NULL, b'0', 9.5),
	(1456, NULL, NULL, NULL, NULL, 6, 6, 400000, NULL, 1, NULL, b'0', 10),
	(1457, NULL, NULL, NULL, NULL, 6, 7, 400000, NULL, 1, NULL, b'0', 10.6),
	(1458, NULL, NULL, NULL, NULL, 6, 0, 400000, NULL, 1, NULL, b'1', 7.2),
	(1459, NULL, NULL, NULL, NULL, 6, 1, 400000, NULL, 1, NULL, b'1', 7.5),
	(1460, NULL, NULL, NULL, NULL, 6, 2, 400000, NULL, 1, NULL, b'1', 7.7),
	(1461, NULL, NULL, NULL, NULL, 6, 3, 400000, NULL, 1, NULL, b'1', 7.9),
	(1462, NULL, NULL, NULL, NULL, 6, 4, 400000, NULL, 1, NULL, b'1', 8.3),
	(1463, NULL, NULL, NULL, NULL, 6, 5, 400000, NULL, 1, NULL, b'1', 8.7),
	(1464, NULL, NULL, NULL, NULL, 6, 6, 400000, NULL, 1, NULL, b'1', 9.2),
	(1465, NULL, NULL, NULL, NULL, 6, 7, 400000, NULL, 1, NULL, b'1', 9.7),
	(1466, NULL, NULL, NULL, NULL, 6, 0, 400000, NULL, 2, NULL, b'0', 6.1),
	(1467, NULL, NULL, NULL, NULL, 6, 1, 400000, NULL, 2, NULL, b'0', 6.4),
	(1468, NULL, NULL, NULL, NULL, 6, 2, 400000, NULL, 2, NULL, b'0', 6.7),
	(1469, NULL, NULL, NULL, NULL, 6, 3, 400000, NULL, 2, NULL, b'0', 7),
	(1470, NULL, NULL, NULL, NULL, 6, 4, 400000, NULL, 2, NULL, b'0', 7.5),
	(1471, NULL, NULL, NULL, NULL, 6, 5, 400000, NULL, 2, NULL, b'0', 8),
	(1472, NULL, NULL, NULL, NULL, 6, 6, 400000, NULL, 2, NULL, b'0', 8.6),
	(1473, NULL, NULL, NULL, NULL, 6, 7, 400000, NULL, 2, NULL, b'0', 9.2),
	(1474, NULL, NULL, NULL, NULL, 6, 0, 400000, NULL, 2, NULL, b'1', 5.5),
	(1475, NULL, NULL, NULL, NULL, 6, 1, 400000, NULL, 2, NULL, b'1', 5.8),
	(1476, NULL, NULL, NULL, NULL, 6, 2, 400000, NULL, 2, NULL, b'1', 6.1),
	(1477, NULL, NULL, NULL, NULL, 6, 3, 400000, NULL, 2, NULL, b'1', 6.4),
	(1478, NULL, NULL, NULL, NULL, 6, 4, 400000, NULL, 2, NULL, b'1', 6.8),
	(1479, NULL, NULL, NULL, NULL, 6, 5, 400000, NULL, 2, NULL, b'1', 7.2),
	(1480, NULL, NULL, NULL, NULL, 6, 6, 400000, NULL, 2, NULL, b'1', 7.8),
	(1481, NULL, NULL, NULL, NULL, 6, 7, 400000, NULL, 2, NULL, b'1', 8.3),
	(1482, NULL, NULL, NULL, NULL, 6, 0, 800000, 400001, 1, NULL, b'0', 7.6),
	(1483, NULL, NULL, NULL, NULL, 6, 1, 800000, 400001, 1, NULL, b'0', 7.9),
	(1484, NULL, NULL, NULL, NULL, 6, 2, 800000, 400001, 1, NULL, b'0', 8.1),
	(1485, NULL, NULL, NULL, NULL, 6, 3, 800000, 400001, 1, NULL, b'0', 8.3),
	(1486, NULL, NULL, NULL, NULL, 6, 4, 800000, 400001, 1, NULL, b'0', 8.6),
	(1487, NULL, NULL, NULL, NULL, 6, 5, 800000, 400001, 1, NULL, b'0', 9.2),
	(1488, NULL, NULL, NULL, NULL, 6, 6, 800000, 400001, 1, NULL, b'0', 9.6),
	(1489, NULL, NULL, NULL, NULL, 6, 7, 800000, 400001, 1, NULL, b'0', 10.2),
	(1490, NULL, NULL, NULL, NULL, 6, 0, 800000, 400001, 1, NULL, b'1', 7),
	(1491, NULL, NULL, NULL, NULL, 6, 1, 800000, 400001, 1, NULL, b'1', 7.3),
	(1492, NULL, NULL, NULL, NULL, 6, 2, 800000, 400001, 1, NULL, b'1', 7.5),
	(1493, NULL, NULL, NULL, NULL, 6, 3, 800000, 400001, 1, NULL, b'1', 7.6),
	(1494, NULL, NULL, NULL, NULL, 6, 4, 800000, 400001, 1, NULL, b'1', 7.9),
	(1495, NULL, NULL, NULL, NULL, 6, 5, 800000, 400001, 1, NULL, b'1', 8.5),
	(1496, NULL, NULL, NULL, NULL, 6, 6, 800000, 400001, 1, NULL, b'1', 8.8),
	(1497, NULL, NULL, NULL, NULL, 6, 7, 800000, 400001, 1, NULL, b'1', 9.4),
	(1498, NULL, NULL, NULL, NULL, 6, 0, 800000, 400001, 2, NULL, b'0', 5.8),
	(1499, NULL, NULL, NULL, NULL, 6, 1, 800000, 400001, 2, NULL, b'0', 6.1),
	(1500, NULL, NULL, NULL, NULL, 6, 2, 800000, 400001, 2, NULL, b'0', 6.4),
	(1501, NULL, NULL, NULL, NULL, 6, 3, 800000, 400001, 2, NULL, b'0', 6.7),
	(1502, NULL, NULL, NULL, NULL, 6, 4, 800000, 400001, 2, NULL, b'0', 7.1),
	(1503, NULL, NULL, NULL, NULL, 6, 5, 800000, 400001, 2, NULL, b'0', 7.6),
	(1504, NULL, NULL, NULL, NULL, 6, 6, 800000, 400001, 2, NULL, b'0', 8.1),
	(1505, NULL, NULL, NULL, NULL, 6, 7, 800000, 400001, 2, NULL, b'0', 8.7),
	(1506, NULL, NULL, NULL, NULL, 6, 0, 800000, 400001, 2, NULL, b'1', 5.2),
	(1507, NULL, NULL, NULL, NULL, 6, 1, 800000, 400001, 2, NULL, b'1', 5.5),
	(1508, NULL, NULL, NULL, NULL, 6, 2, 800000, 400001, 2, NULL, b'1', 5.8),
	(1509, NULL, NULL, NULL, NULL, 6, 3, 800000, 400001, 2, NULL, b'1', 6),
	(1510, NULL, NULL, NULL, NULL, 6, 4, 800000, 400001, 2, NULL, b'1', 6.4),
	(1511, NULL, NULL, NULL, NULL, 6, 5, 800000, 400001, 2, NULL, b'1', 6.9),
	(1512, NULL, NULL, NULL, NULL, 6, 6, 800000, 400001, 2, NULL, b'1', 7.3),
	(1513, NULL, NULL, NULL, NULL, 6, 7, 800000, 400001, 2, NULL, b'1', 7.9),
	(1514, NULL, NULL, NULL, NULL, 6, 0, 1200000, 800001, 1, NULL, b'0', 7.3),
	(1515, NULL, NULL, NULL, NULL, 6, 1, 1200000, 800001, 1, NULL, b'0', 7.5),
	(1516, NULL, NULL, NULL, NULL, 6, 2, 1200000, 800001, 1, NULL, b'0', 7.8),
	(1517, NULL, NULL, NULL, NULL, 6, 3, 1200000, 800001, 1, NULL, b'0', 8),
	(1518, NULL, NULL, NULL, NULL, 6, 4, 1200000, 800001, 1, NULL, b'0', 8.3),
	(1519, NULL, NULL, NULL, NULL, 6, 5, 1200000, 800001, 1, NULL, b'0', 8.8),
	(1520, NULL, NULL, NULL, NULL, 6, 6, 1200000, 800001, 1, NULL, b'0', 9.3),
	(1521, NULL, NULL, NULL, NULL, 6, 7, 1200000, 800001, 1, NULL, b'0', 9.7),
	(1522, NULL, NULL, NULL, NULL, 6, 0, 1200000, 800001, 1, NULL, b'1', 6.8),
	(1523, NULL, NULL, NULL, NULL, 6, 1, 1200000, 800001, 1, NULL, b'1', 7),
	(1524, NULL, NULL, NULL, NULL, 6, 2, 1200000, 800001, 1, NULL, b'1', 7.2),
	(1525, NULL, NULL, NULL, NULL, 6, 3, 1200000, 800001, 1, NULL, b'1', 7.4),
	(1526, NULL, NULL, NULL, NULL, 6, 4, 1200000, 800001, 1, NULL, b'1', 7.7),
	(1527, NULL, NULL, NULL, NULL, 6, 5, 1200000, 800001, 1, NULL, b'1', 8.1),
	(1528, NULL, NULL, NULL, NULL, 6, 6, 1200000, 800001, 1, NULL, b'1', 8.5),
	(1529, NULL, NULL, NULL, NULL, 6, 7, 1200000, 800001, 1, NULL, b'1', 9),
	(1530, NULL, NULL, NULL, NULL, 6, 0, 1200000, 800001, 2, NULL, b'0', 5.4),
	(1531, NULL, NULL, NULL, NULL, 6, 1, 1200000, 800001, 2, NULL, b'0', 5.7),
	(1532, NULL, NULL, NULL, NULL, 6, 2, 1200000, 800001, 2, NULL, b'0', 6),
	(1533, NULL, NULL, NULL, NULL, 6, 3, 1200000, 800001, 2, NULL, b'0', 6.3),
	(1534, NULL, NULL, NULL, NULL, 6, 4, 1200000, 800001, 2, NULL, b'0', 6.7),
	(1535, NULL, NULL, NULL, NULL, 6, 5, 1200000, 800001, 2, NULL, b'0', 7.2),
	(1536, NULL, NULL, NULL, NULL, 6, 6, 1200000, 800001, 2, NULL, b'0', 7.7),
	(1537, NULL, NULL, NULL, NULL, 6, 7, 1200000, 800001, 2, NULL, b'0', 8.2),
	(1538, NULL, NULL, NULL, NULL, 6, 0, 1200000, 800001, 2, NULL, b'1', 4.9),
	(1539, NULL, NULL, NULL, NULL, 6, 1, 1200000, 800001, 2, NULL, b'1', 5.2),
	(1540, NULL, NULL, NULL, NULL, 6, 2, 1200000, 800001, 2, NULL, b'1', 5.4),
	(1541, NULL, NULL, NULL, NULL, 6, 3, 1200000, 800001, 2, NULL, b'1', 5.7),
	(1542, NULL, NULL, NULL, NULL, 6, 4, 1200000, 800001, 2, NULL, b'1', 6.1),
	(1543, NULL, NULL, NULL, NULL, 6, 5, 1200000, 800001, 2, NULL, b'1', 6.5),
	(1544, NULL, NULL, NULL, NULL, 6, 6, 1200000, 800001, 2, NULL, b'1', 6.9),
	(1545, NULL, NULL, NULL, NULL, 6, 7, 1200000, 800001, 2, NULL, b'1', 7.5),
	(1546, NULL, NULL, NULL, NULL, 6, 0, 2000000, 1200001, 1, NULL, b'0', 7.1),
	(1547, NULL, NULL, NULL, NULL, 6, 1, 2000000, 1200001, 1, NULL, b'0', 7.3),
	(1548, NULL, NULL, NULL, NULL, 6, 2, 2000000, 1200001, 1, NULL, b'0', 7.6),
	(1549, NULL, NULL, NULL, NULL, 6, 3, 2000000, 1200001, 1, NULL, b'0', 7.7),
	(1550, NULL, NULL, NULL, NULL, 6, 4, 2000000, 1200001, 1, NULL, b'0', 8),
	(1551, NULL, NULL, NULL, NULL, 6, 5, 2000000, 1200001, 1, NULL, b'0', 8.4),
	(1552, NULL, NULL, NULL, NULL, 6, 6, 2000000, 1200001, 1, NULL, b'0', 8.9),
	(1553, NULL, NULL, NULL, NULL, 6, 7, 2000000, 1200001, 1, NULL, b'0', 9.4),
	(1554, NULL, NULL, NULL, NULL, 6, 0, 2000000, 1200001, 1, NULL, b'1', 6.6),
	(1555, NULL, NULL, NULL, NULL, 6, 1, 2000000, 1200001, 1, NULL, b'1', 6.8),
	(1556, NULL, NULL, NULL, NULL, 6, 2, 2000000, 1200001, 1, NULL, b'1', 7),
	(1557, NULL, NULL, NULL, NULL, 6, 3, 2000000, 1200001, 1, NULL, b'1', 7.2),
	(1558, NULL, NULL, NULL, NULL, 6, 4, 2000000, 1200001, 1, NULL, b'1', 7.4),
	(1559, NULL, NULL, NULL, NULL, 6, 5, 2000000, 1200001, 1, NULL, b'1', 7.8),
	(1560, NULL, NULL, NULL, NULL, 6, 6, 2000000, 1200001, 1, NULL, b'1', 8.2),
	(1561, NULL, NULL, NULL, NULL, 6, 7, 2000000, 1200001, 1, NULL, b'1', 8.6),
	(1562, NULL, NULL, NULL, NULL, 6, 0, 2000000, 1200001, 2, NULL, b'0', 5.1),
	(1563, NULL, NULL, NULL, NULL, 6, 1, 2000000, 1200001, 2, NULL, b'0', 5.4),
	(1564, NULL, NULL, NULL, NULL, 6, 2, 2000000, 1200001, 2, NULL, b'0', 5.7),
	(1565, NULL, NULL, NULL, NULL, 6, 3, 2000000, 1200001, 2, NULL, b'0', 5.9),
	(1566, NULL, NULL, NULL, NULL, 6, 4, 2000000, 1200001, 2, NULL, b'0', 6.3),
	(1567, NULL, NULL, NULL, NULL, 6, 5, 2000000, 1200001, 2, NULL, b'0', 6.7),
	(1568, NULL, NULL, NULL, NULL, 6, 6, 2000000, 1200001, 2, NULL, b'0', 7.2),
	(1569, NULL, NULL, NULL, NULL, 6, 7, 2000000, 1200001, 2, NULL, b'0', 7.8),
	(1570, NULL, NULL, NULL, NULL, 6, 0, 2000000, 1200001, 2, NULL, b'1', 4.6),
	(1571, NULL, NULL, NULL, NULL, 6, 1, 2000000, 1200001, 2, NULL, b'1', 4.9),
	(1572, NULL, NULL, NULL, NULL, 6, 2, 2000000, 1200001, 2, NULL, b'1', 5.1),
	(1573, NULL, NULL, NULL, NULL, 6, 3, 2000000, 1200001, 2, NULL, b'1', 5.4),
	(1574, NULL, NULL, NULL, NULL, 6, 4, 2000000, 1200001, 2, NULL, b'1', 5.7),
	(1575, NULL, NULL, NULL, NULL, 6, 5, 2000000, 1200001, 2, NULL, b'1', 6.1),
	(1576, NULL, NULL, NULL, NULL, 6, 6, 2000000, 1200001, 2, NULL, b'1', 6.5),
	(1577, NULL, NULL, NULL, NULL, 6, 7, 2000000, 1200001, 2, NULL, b'1', 7),
	(1578, NULL, NULL, NULL, NULL, 6, 0, NULL, 2000001, 1, NULL, b'0', 6.9),
	(1579, NULL, NULL, NULL, NULL, 6, 1, NULL, 2000001, 1, NULL, b'0', 7.1),
	(1580, NULL, NULL, NULL, NULL, 6, 2, NULL, 2000001, 1, NULL, b'0', 7.3),
	(1581, NULL, NULL, NULL, NULL, 6, 3, NULL, 2000001, 1, NULL, b'0', 7.5),
	(1582, NULL, NULL, NULL, NULL, 6, 4, NULL, 2000001, 1, NULL, b'0', 7.7),
	(1583, NULL, NULL, NULL, NULL, 6, 5, NULL, 2000001, 1, NULL, b'0', 8.1),
	(1584, NULL, NULL, NULL, NULL, 6, 6, NULL, 2000001, 1, NULL, b'0', 8.6),
	(1585, NULL, NULL, NULL, NULL, 6, 7, NULL, 2000001, 1, NULL, b'0', 9),
	(1586, NULL, NULL, NULL, NULL, 6, 0, NULL, 2000001, 1, NULL, b'1', 6.4),
	(1587, NULL, NULL, NULL, NULL, 6, 1, NULL, 2000001, 1, NULL, b'1', 6.6),
	(1588, NULL, NULL, NULL, NULL, 6, 2, NULL, 2000001, 1, NULL, b'1', 6.8),
	(1589, NULL, NULL, NULL, NULL, 6, 3, NULL, 2000001, 1, NULL, b'1', 6.9),
	(1590, NULL, NULL, NULL, NULL, 6, 4, NULL, 2000001, 1, NULL, b'1', 7.1),
	(1591, NULL, NULL, NULL, NULL, 6, 5, NULL, 2000001, 1, NULL, b'1', 7.5),
	(1592, NULL, NULL, NULL, NULL, 6, 6, NULL, 2000001, 1, NULL, b'1', 7.9),
	(1593, NULL, NULL, NULL, NULL, 6, 7, NULL, 2000001, 1, NULL, b'1', 8.3),
	(1594, NULL, NULL, NULL, NULL, 6, 0, NULL, 2000001, 2, NULL, b'0', 4.8),
	(1595, NULL, NULL, NULL, NULL, 6, 1, NULL, 2000001, 2, NULL, b'0', 5.1),
	(1596, NULL, NULL, NULL, NULL, 6, 2, NULL, 2000001, 2, NULL, b'0', 5.3),
	(1597, NULL, NULL, NULL, NULL, 6, 3, NULL, 2000001, 2, NULL, b'0', 5.6),
	(1598, NULL, NULL, NULL, NULL, 6, 4, NULL, 2000001, 2, NULL, b'0', 5.9),
	(1599, NULL, NULL, NULL, NULL, 6, 5, NULL, 2000001, 2, NULL, b'0', 6.3),
	(1600, NULL, NULL, NULL, NULL, 6, 6, NULL, 2000001, 2, NULL, b'0', 6.8),
	(1601, NULL, NULL, NULL, NULL, 6, 7, NULL, 2000001, 2, NULL, b'0', 7.3),
	(1602, NULL, NULL, NULL, NULL, 6, 0, NULL, 2000001, 2, NULL, b'1', 4.3),
	(1603, NULL, NULL, NULL, NULL, 6, 1, NULL, 2000001, 2, NULL, b'1', 4.6),
	(1604, NULL, NULL, NULL, NULL, 6, 2, NULL, 2000001, 2, NULL, b'1', 4.8),
	(1605, NULL, NULL, NULL, NULL, 6, 3, NULL, 2000001, 2, NULL, b'1', 5),
	(1606, NULL, NULL, NULL, NULL, 6, 4, NULL, 2000001, 2, NULL, b'1', 5.3),
	(1607, NULL, NULL, NULL, NULL, 6, 5, NULL, 2000001, 2, NULL, b'1', 5.7),
	(1608, NULL, NULL, NULL, NULL, 6, 6, NULL, 2000001, 2, NULL, b'1', 6.1),
	(1609, NULL, NULL, NULL, NULL, 6, 7, NULL, 2000001, 2, NULL, b'1', 6.6),
	(1610, 10, NULL, NULL, NULL, 6, 0, NULL, NULL, 1, NULL, b'0', 5.5),
	(1611, 10, NULL, NULL, NULL, 6, 1, NULL, NULL, 1, NULL, b'0', 5.6),
	(1612, 10, NULL, NULL, NULL, 6, 2, NULL, NULL, 1, NULL, b'0', 5.6),
	(1613, 10, NULL, NULL, NULL, 6, 3, NULL, NULL, 1, NULL, b'0', 5.8),
	(1614, 10, NULL, NULL, NULL, 6, 4, NULL, NULL, 1, NULL, b'0', 6.1),
	(1615, 10, NULL, NULL, NULL, 6, 5, NULL, NULL, 1, NULL, b'0', 6.5),
	(1616, 10, NULL, NULL, NULL, 6, 6, NULL, NULL, 1, NULL, b'0', 7),
	(1617, 10, NULL, NULL, NULL, 6, 7, NULL, NULL, 1, NULL, b'0', 7.5),
	(1618, 10, NULL, NULL, NULL, 6, 0, NULL, NULL, 1, NULL, b'1', 5.1),
	(1619, 10, NULL, NULL, NULL, 6, 1, NULL, NULL, 1, NULL, b'1', 5.1),
	(1620, 10, NULL, NULL, NULL, 6, 2, NULL, NULL, 1, NULL, b'1', 5.2),
	(1621, 10, NULL, NULL, NULL, 6, 3, NULL, NULL, 1, NULL, b'1', 5.4),
	(1622, 10, NULL, NULL, NULL, 6, 4, NULL, NULL, 1, NULL, b'1', 5.7),
	(1623, 10, NULL, NULL, NULL, 6, 5, NULL, NULL, 1, NULL, b'1', 6),
	(1624, 10, NULL, NULL, NULL, 6, 6, NULL, NULL, 1, NULL, b'1', 6.5),
	(1625, 10, NULL, NULL, NULL, 6, 7, NULL, NULL, 1, NULL, b'1', 6.9),
	(1626, 10, NULL, NULL, NULL, 6, 0, NULL, NULL, 2, NULL, b'0', 4.8),
	(1627, 10, NULL, NULL, NULL, 6, 1, NULL, NULL, 2, NULL, b'0', 4.9),
	(1628, 10, NULL, NULL, NULL, 6, 2, NULL, NULL, 2, NULL, b'0', 5),
	(1629, 10, NULL, NULL, NULL, 6, 3, NULL, NULL, 2, NULL, b'0', 5.2),
	(1630, 10, NULL, NULL, NULL, 6, 4, NULL, NULL, 2, NULL, b'0', 5.5),
	(1631, 10, NULL, NULL, NULL, 6, 5, NULL, NULL, 2, NULL, b'0', 5.9),
	(1632, 10, NULL, NULL, NULL, 6, 6, NULL, NULL, 2, NULL, b'0', 6.4),
	(1633, 10, NULL, NULL, NULL, 6, 7, NULL, NULL, 2, NULL, b'0', 6.9),
	(1634, 10, NULL, NULL, NULL, 6, 0, NULL, NULL, 2, NULL, b'1', 4.4),
	(1635, 10, NULL, NULL, NULL, 6, 1, NULL, NULL, 2, NULL, b'1', 4.4),
	(1636, 10, NULL, NULL, NULL, 6, 2, NULL, NULL, 2, NULL, b'1', 4.6),
	(1637, 10, NULL, NULL, NULL, 6, 3, NULL, NULL, 2, NULL, b'1', 4.8),
	(1638, 10, NULL, NULL, NULL, 6, 4, NULL, NULL, 2, NULL, b'1', 5.1),
	(1639, 10, NULL, NULL, NULL, 6, 5, NULL, NULL, 2, NULL, b'1', 5.4),
	(1640, 10, NULL, NULL, NULL, 6, 6, NULL, NULL, 2, NULL, b'1', 5.9),
	(1641, 10, NULL, NULL, NULL, 6, 7, NULL, NULL, 2, NULL, b'1', 6.3),
	(1642, 11, NULL, NULL, NULL, 6, 0, NULL, NULL, 1, NULL, b'0', 9.3),
	(1643, 11, NULL, NULL, NULL, 6, 1, NULL, NULL, 1, NULL, b'0', 9.5),
	(1644, 11, NULL, NULL, NULL, 6, 2, NULL, NULL, 1, NULL, b'0', 9.6),
	(1645, 11, NULL, NULL, NULL, 6, 3, NULL, NULL, 1, NULL, b'0', 10),
	(1646, 11, NULL, NULL, NULL, 6, 4, NULL, NULL, 1, NULL, b'0', 10.6),
	(1647, 11, NULL, NULL, NULL, 6, 5, NULL, NULL, 1, NULL, b'0', 11.3),
	(1648, 11, NULL, NULL, NULL, 6, 6, NULL, NULL, 1, NULL, b'0', 12.1),
	(1649, 11, NULL, NULL, NULL, 6, 7, NULL, NULL, 1, NULL, b'0', 13),
	(1650, 11, NULL, NULL, NULL, 6, 0, NULL, NULL, 1, NULL, b'1', 8.3),
	(1651, 11, NULL, NULL, NULL, 6, 1, NULL, NULL, 1, NULL, b'1', 8.5),
	(1652, 11, NULL, NULL, NULL, 6, 2, NULL, NULL, 1, NULL, b'1', 8.6),
	(1653, 11, NULL, NULL, NULL, 6, 3, NULL, NULL, 1, NULL, b'1', 8.9),
	(1654, 11, NULL, NULL, NULL, 6, 4, NULL, NULL, 1, NULL, b'1', 9.4),
	(1655, 11, NULL, NULL, NULL, 6, 5, NULL, NULL, 1, NULL, b'1', 10.1),
	(1656, 11, NULL, NULL, NULL, 6, 6, NULL, NULL, 1, NULL, b'1', 10.8),
	(1657, 11, NULL, NULL, NULL, 6, 7, NULL, NULL, 1, NULL, b'1', 11.6),
	(1658, 11, NULL, NULL, NULL, 6, 0, NULL, NULL, 2, NULL, b'0', 8.5),
	(1659, 11, NULL, NULL, NULL, 6, 1, NULL, NULL, 2, NULL, b'0', 8.7),
	(1660, 11, NULL, NULL, NULL, 6, 2, NULL, NULL, 2, NULL, b'0', 8.9),
	(1661, 11, NULL, NULL, NULL, 6, 3, NULL, NULL, 2, NULL, b'0', 9.3),
	(1662, 11, NULL, NULL, NULL, 6, 4, NULL, NULL, 2, NULL, b'0', 9.9),
	(1663, 11, NULL, NULL, NULL, 6, 5, NULL, NULL, 2, NULL, b'0', 10.6),
	(1664, 11, NULL, NULL, NULL, 6, 6, NULL, NULL, 2, NULL, b'0', 11.4),
	(1665, 11, NULL, NULL, NULL, 6, 7, NULL, NULL, 2, NULL, b'0', 12.3),
	(1666, 11, NULL, NULL, NULL, 6, 0, NULL, NULL, 2, NULL, b'1', 7.5),
	(1667, 11, NULL, NULL, NULL, 6, 1, NULL, NULL, 2, NULL, b'1', 7.7),
	(1668, 11, NULL, NULL, NULL, 6, 2, NULL, NULL, 2, NULL, b'1', 7.9),
	(1669, 11, NULL, NULL, NULL, 6, 3, NULL, NULL, 2, NULL, b'1', 8.2),
	(1670, 11, NULL, NULL, NULL, 6, 4, NULL, NULL, 2, NULL, b'1', 8.7),
	(1671, 11, NULL, NULL, NULL, 6, 5, NULL, NULL, 2, NULL, b'1', 9.4),
	(1672, 11, NULL, NULL, NULL, 6, 6, NULL, NULL, 2, NULL, b'1', 10.1),
	(1673, 11, NULL, NULL, NULL, 6, 7, NULL, NULL, 2, NULL, b'1', 10.9),
	(1674, 12, NULL, NULL, NULL, 6, 0, NULL, NULL, 1, NULL, b'0', 3.8),
	(1675, 12, NULL, NULL, NULL, 6, 1, NULL, NULL, 1, NULL, b'0', 3.9),
	(1676, 12, NULL, NULL, NULL, 6, 2, NULL, NULL, 1, NULL, b'0', 4),
	(1677, 12, NULL, NULL, NULL, 6, 3, NULL, NULL, 1, NULL, b'0', 4.1),
	(1678, 12, NULL, NULL, NULL, 6, 4, NULL, NULL, 1, NULL, b'0', 4.4),
	(1679, 12, NULL, NULL, NULL, 6, 5, NULL, NULL, 1, NULL, b'0', 4.7),
	(1680, 12, NULL, NULL, NULL, 6, 6, NULL, NULL, 1, NULL, b'0', 5),
	(1681, 12, NULL, NULL, NULL, 6, 7, NULL, NULL, 1, NULL, b'0', 5.3),
	(1682, 12, NULL, NULL, NULL, 6, 0, NULL, NULL, 1, NULL, b'1', 3.6),
	(1683, 12, NULL, NULL, NULL, 6, 1, NULL, NULL, 1, NULL, b'1', 3.6),
	(1684, 12, NULL, NULL, NULL, 6, 2, NULL, NULL, 1, NULL, b'1', 3.7),
	(1685, 12, NULL, NULL, NULL, 6, 3, NULL, NULL, 1, NULL, b'1', 3.9),
	(1686, 12, NULL, NULL, NULL, 6, 4, NULL, NULL, 1, NULL, b'1', 4.1),
	(1687, 12, NULL, NULL, NULL, 6, 5, NULL, NULL, 1, NULL, b'1', 4.3),
	(1688, 12, NULL, NULL, NULL, 6, 6, NULL, NULL, 1, NULL, b'1', 4.6),
	(1689, 12, NULL, NULL, NULL, 6, 7, NULL, NULL, 1, NULL, b'1', 4.8),
	(1690, 12, NULL, NULL, NULL, 6, 0, NULL, NULL, 2, NULL, b'0', 3.3),
	(1691, 12, NULL, NULL, NULL, 6, 1, NULL, NULL, 2, NULL, b'0', 3.4),
	(1692, 12, NULL, NULL, NULL, 6, 2, NULL, NULL, 2, NULL, b'0', 3.5),
	(1693, 12, NULL, NULL, NULL, 6, 3, NULL, NULL, 2, NULL, b'0', 3.6),
	(1694, 12, NULL, NULL, NULL, 6, 4, NULL, NULL, 2, NULL, b'0', 3.9),
	(1695, 12, NULL, NULL, NULL, 6, 5, NULL, NULL, 2, NULL, b'0', 4.2),
	(1696, 12, NULL, NULL, NULL, 6, 6, NULL, NULL, 2, NULL, b'0', 4.5),
	(1697, 12, NULL, NULL, NULL, 6, 7, NULL, NULL, 2, NULL, b'0', 4.8),
	(1698, 12, NULL, NULL, NULL, 6, 0, NULL, NULL, 2, NULL, b'1', 3.1),
	(1699, 12, NULL, NULL, NULL, 6, 1, NULL, NULL, 2, NULL, b'1', 3.1),
	(1700, 12, NULL, NULL, NULL, 6, 2, NULL, NULL, 2, NULL, b'1', 3.2),
	(1701, 12, NULL, NULL, NULL, 6, 3, NULL, NULL, 2, NULL, b'1', 3.4),
	(1702, 12, NULL, NULL, NULL, 6, 4, NULL, NULL, 2, NULL, b'1', 3.6),
	(1703, 12, NULL, NULL, NULL, 6, 5, NULL, NULL, 2, NULL, b'1', 3.8),
	(1704, 12, NULL, NULL, NULL, 6, 6, NULL, NULL, 2, NULL, b'1', 4.1),
	(1705, 12, NULL, NULL, NULL, 6, 7, NULL, NULL, 2, NULL, b'1', 4.4),
	(1706, 13, NULL, NULL, NULL, 6, 0, NULL, NULL, 1, NULL, b'0', 3.3),
	(1707, 13, NULL, NULL, NULL, 6, 1, NULL, NULL, 1, NULL, b'0', 3.3),
	(1708, 13, NULL, NULL, NULL, 6, 2, NULL, NULL, 1, NULL, b'0', 3.4),
	(1709, 13, NULL, NULL, NULL, 6, 3, NULL, NULL, 1, NULL, b'0', 3.6),
	(1710, 13, NULL, NULL, NULL, 6, 4, NULL, NULL, 1, NULL, b'0', 3.7),
	(1711, 13, NULL, NULL, NULL, 6, 5, NULL, NULL, 1, NULL, b'0', 4),
	(1712, 13, NULL, NULL, NULL, 6, 6, NULL, NULL, 1, NULL, b'0', 4.3),
	(1713, 13, NULL, NULL, NULL, 6, 7, NULL, NULL, 1, NULL, b'0', 4.5),
	(1714, 13, NULL, NULL, NULL, 6, 0, NULL, NULL, 1, NULL, b'1', 3),
	(1715, 13, NULL, NULL, NULL, 6, 1, NULL, NULL, 1, NULL, b'1', 3),
	(1716, 13, NULL, NULL, NULL, 6, 2, NULL, NULL, 1, NULL, b'1', 3.1),
	(1717, 13, NULL, NULL, NULL, 6, 3, NULL, NULL, 1, NULL, b'1', 3.2),
	(1718, 13, NULL, NULL, NULL, 6, 4, NULL, NULL, 1, NULL, b'1', 3.4),
	(1719, 13, NULL, NULL, NULL, 6, 5, NULL, NULL, 1, NULL, b'1', 3.6),
	(1720, 13, NULL, NULL, NULL, 6, 6, NULL, NULL, 1, NULL, b'1', 3.9),
	(1721, 13, NULL, NULL, NULL, 6, 7, NULL, NULL, 1, NULL, b'1', 4.1),
	(1722, 13, NULL, NULL, NULL, 6, 0, NULL, NULL, 2, NULL, b'0', 2.8),
	(1723, 13, NULL, NULL, NULL, 6, 1, NULL, NULL, 2, NULL, b'0', 2.8),
	(1724, 13, NULL, NULL, NULL, 6, 2, NULL, NULL, 2, NULL, b'0', 2.9),
	(1725, 13, NULL, NULL, NULL, 6, 3, NULL, NULL, 2, NULL, b'0', 3.1),
	(1726, 13, NULL, NULL, NULL, 6, 4, NULL, NULL, 2, NULL, b'0', 3.2),
	(1727, 13, NULL, NULL, NULL, 6, 5, NULL, NULL, 2, NULL, b'0', 3.5),
	(1728, 13, NULL, NULL, NULL, 6, 6, NULL, NULL, 2, NULL, b'0', 3.8),
	(1729, 13, NULL, NULL, NULL, 6, 7, NULL, NULL, 2, NULL, b'0', 4),
	(1730, 13, NULL, NULL, NULL, 6, 0, NULL, NULL, 2, NULL, b'1', 2.5),
	(1731, 13, NULL, NULL, NULL, 6, 1, NULL, NULL, 2, NULL, b'1', 2.5),
	(1732, 13, NULL, NULL, NULL, 6, 2, NULL, NULL, 2, NULL, b'1', 2.6),
	(1733, 13, NULL, NULL, NULL, 6, 3, NULL, NULL, 2, NULL, b'1', 2.7),
	(1734, 13, NULL, NULL, NULL, 6, 4, NULL, NULL, 2, NULL, b'1', 2.9),
	(1735, 13, NULL, NULL, NULL, 6, 5, NULL, NULL, 2, NULL, b'1', 3.1),
	(1736, 13, NULL, NULL, NULL, 6, 6, NULL, NULL, 2, NULL, b'1', 3.4),
	(1737, 13, NULL, NULL, NULL, 6, 7, NULL, NULL, 2, NULL, b'1', 3.6),
	(1738, 14, NULL, NULL, NULL, 6, 0, NULL, NULL, 1, NULL, b'0', 2.4),
	(1739, 14, NULL, NULL, NULL, 6, 1, NULL, NULL, 1, NULL, b'0', 2.4),
	(1740, 14, NULL, NULL, NULL, 6, 2, NULL, NULL, 1, NULL, b'0', 2.5),
	(1741, 14, NULL, NULL, NULL, 6, 3, NULL, NULL, 1, NULL, b'0', 2.6),
	(1742, 14, NULL, NULL, NULL, 6, 4, NULL, NULL, 1, NULL, b'0', 2.7),
	(1743, 14, NULL, NULL, NULL, 6, 5, NULL, NULL, 1, NULL, b'0', 2.9),
	(1744, 14, NULL, NULL, NULL, 6, 6, NULL, NULL, 1, NULL, b'0', 3),
	(1745, 14, NULL, NULL, NULL, 6, 7, NULL, NULL, 1, NULL, b'0', 3.2),
	(1746, 14, NULL, NULL, NULL, 6, 0, NULL, NULL, 1, NULL, b'1', 2.2),
	(1747, 14, NULL, NULL, NULL, 6, 1, NULL, NULL, 1, NULL, b'1', 2.2),
	(1748, 14, NULL, NULL, NULL, 6, 2, NULL, NULL, 1, NULL, b'1', 2.3),
	(1749, 14, NULL, NULL, NULL, 6, 3, NULL, NULL, 1, NULL, b'1', 2.4),
	(1750, 14, NULL, NULL, NULL, 6, 4, NULL, NULL, 1, NULL, b'1', 2.5),
	(1751, 14, NULL, NULL, NULL, 6, 5, NULL, NULL, 1, NULL, b'1', 2.6),
	(1752, 14, NULL, NULL, NULL, 6, 6, NULL, NULL, 1, NULL, b'1', 2.8),
	(1753, 14, NULL, NULL, NULL, 6, 7, NULL, NULL, 1, NULL, b'1', 2.9),
	(1754, 14, NULL, NULL, NULL, 6, 0, NULL, NULL, 2, NULL, b'0', 1.9),
	(1755, 14, NULL, NULL, NULL, 6, 1, NULL, NULL, 2, NULL, b'0', 1.9),
	(1756, 14, NULL, NULL, NULL, 6, 2, NULL, NULL, 2, NULL, b'0', 2),
	(1757, 14, NULL, NULL, NULL, 6, 3, NULL, NULL, 2, NULL, b'0', 2.1),
	(1758, 14, NULL, NULL, NULL, 6, 4, NULL, NULL, 2, NULL, b'0', 2.2),
	(1759, 14, NULL, NULL, NULL, 6, 5, NULL, NULL, 2, NULL, b'0', 2.4),
	(1760, 14, NULL, NULL, NULL, 6, 6, NULL, NULL, 2, NULL, b'0', 2.5),
	(1761, 14, NULL, NULL, NULL, 6, 7, NULL, NULL, 2, NULL, b'0', 2.7),
	(1762, 14, NULL, NULL, NULL, 6, 0, NULL, NULL, 2, NULL, b'1', 1.7),
	(1763, 14, NULL, NULL, NULL, 6, 1, NULL, NULL, 2, NULL, b'1', 1.7),
	(1764, 14, NULL, NULL, NULL, 6, 2, NULL, NULL, 2, NULL, b'1', 1.8),
	(1765, 14, NULL, NULL, NULL, 6, 3, NULL, NULL, 2, NULL, b'1', 1.9),
	(1766, 14, NULL, NULL, NULL, 6, 4, NULL, NULL, 2, NULL, b'1', 2),
	(1767, 14, NULL, NULL, NULL, 6, 5, NULL, NULL, 2, NULL, b'1', 2.1),
	(1768, 14, NULL, NULL, NULL, 6, 6, NULL, NULL, 2, NULL, b'1', 2.3),
	(1769, 14, NULL, NULL, NULL, 6, 7, NULL, NULL, 2, NULL, b'1', 2.5),
	(1770, 15, NULL, NULL, NULL, 6, 0, NULL, NULL, 1, NULL, b'0', 3.1),
	(1771, 15, NULL, NULL, NULL, 6, 1, NULL, NULL, 1, NULL, b'0', 3.1),
	(1772, 15, NULL, NULL, NULL, 6, 2, NULL, NULL, 1, NULL, b'0', 3.2),
	(1773, 15, NULL, NULL, NULL, 6, 3, NULL, NULL, 1, NULL, b'0', 3.4),
	(1774, 15, NULL, NULL, NULL, 6, 4, NULL, NULL, 1, NULL, b'0', 3.5),
	(1775, 15, NULL, NULL, NULL, 6, 5, NULL, NULL, 1, NULL, b'0', 3.8),
	(1776, 15, NULL, NULL, NULL, 6, 6, NULL, NULL, 1, NULL, b'0', 4),
	(1777, 15, NULL, NULL, NULL, 6, 7, NULL, NULL, 1, NULL, b'0', 4.3),
	(1778, 15, NULL, NULL, NULL, 6, 0, NULL, NULL, 1, NULL, b'1', 2.9),
	(1779, 15, NULL, NULL, NULL, 6, 1, NULL, NULL, 1, NULL, b'1', 3),
	(1780, 15, NULL, NULL, NULL, 6, 2, NULL, NULL, 1, NULL, b'1', 3.1),
	(1781, 15, NULL, NULL, NULL, 6, 3, NULL, NULL, 1, NULL, b'1', 3.2),
	(1782, 15, NULL, NULL, NULL, 6, 4, NULL, NULL, 1, NULL, b'1', 3.3),
	(1783, 15, NULL, NULL, NULL, 6, 5, NULL, NULL, 1, NULL, b'1', 3.6),
	(1784, 15, NULL, NULL, NULL, 6, 6, NULL, NULL, 1, NULL, b'1', 3.8),
	(1785, 15, NULL, NULL, NULL, 6, 7, NULL, NULL, 1, NULL, b'1', 4.1),
	(1786, 15, NULL, NULL, NULL, 6, 0, NULL, NULL, 2, NULL, b'0', 2.7),
	(1787, 15, NULL, NULL, NULL, 6, 1, NULL, NULL, 2, NULL, b'0', 2.7),
	(1788, 15, NULL, NULL, NULL, 6, 2, NULL, NULL, 2, NULL, b'0', 2.8),
	(1789, 15, NULL, NULL, NULL, 6, 3, NULL, NULL, 2, NULL, b'0', 3),
	(1790, 15, NULL, NULL, NULL, 6, 4, NULL, NULL, 2, NULL, b'0', 3.1),
	(1791, 15, NULL, NULL, NULL, 6, 5, NULL, NULL, 2, NULL, b'0', 3.4),
	(1792, 15, NULL, NULL, NULL, 6, 6, NULL, NULL, 2, NULL, b'0', 3.6),
	(1793, 15, NULL, NULL, NULL, 6, 7, NULL, NULL, 2, NULL, b'0', 3.9),
	(1794, 15, NULL, NULL, NULL, 6, 0, NULL, NULL, 2, NULL, b'1', 2.5),
	(1795, 15, NULL, NULL, NULL, 6, 1, NULL, NULL, 2, NULL, b'1', 2.6),
	(1796, 15, NULL, NULL, NULL, 6, 2, NULL, NULL, 2, NULL, b'1', 2.7),
	(1797, 15, NULL, NULL, NULL, 6, 3, NULL, NULL, 2, NULL, b'1', 2.8),
	(1798, 15, NULL, NULL, NULL, 6, 4, NULL, NULL, 2, NULL, b'1', 2.9),
	(1799, 15, NULL, NULL, NULL, 6, 5, NULL, NULL, 2, NULL, b'1', 3.2),
	(1800, 15, NULL, NULL, NULL, 6, 6, NULL, NULL, 2, NULL, b'1', 3.4),
	(1801, 15, NULL, NULL, NULL, 6, 7, NULL, NULL, 2, NULL, b'1', 3.7);
/*!40000 ALTER TABLE `tariff_coefficients` ENABLE KEYS */;


-- Дамп структуры для таблица ubercalc.tariff_def_damage_type
DROP TABLE IF EXISTS `tariff_def_damage_type`;
CREATE TABLE IF NOT EXISTS `tariff_def_damage_type` (
  `id` int(10) unsigned NOT NULL AUTO_INCREMENT,
  `name` varchar(128) COLLATE utf8_bin NOT NULL,
  `code` varchar(5) COLLATE utf8_bin DEFAULT NULL,
  PRIMARY KEY (`id`)
) ENGINE=InnoDB AUTO_INCREMENT=4 DEFAULT CHARSET=utf8 COLLATE=utf8_bin COMMENT='Определение размера страхового возмещения';

-- Дамп данных таблицы ubercalc.tariff_def_damage_type: ~3 rows (приблизительно)
/*!40000 ALTER TABLE `tariff_def_damage_type` DISABLE KEYS */;
INSERT INTO `tariff_def_damage_type` (`id`, `name`, `code`) VALUES
	(1, 'По калькуляции страховщика', '1C'),
	(2, 'По калькуляции страховщика / По счетам СТОА из перечня', '2C'),
	(3, 'По калькуляции страховщика / По счетам СТОА из перечня / По счетам СТОА по выбору', '3C');
/*!40000 ALTER TABLE `tariff_def_damage_type` ENABLE KEYS */;


-- Дамп структуры для таблица ubercalc.tariff_program
DROP TABLE IF EXISTS `tariff_program`;
CREATE TABLE IF NOT EXISTS `tariff_program` (
  `id` int(10) unsigned NOT NULL AUTO_INCREMENT,
  `name` varchar(50) COLLATE utf8_bin NOT NULL,
  PRIMARY KEY (`id`)
) ENGINE=InnoDB AUTO_INCREMENT=16 DEFAULT CHARSET=utf8 COLLATE=utf8_bin COMMENT='Значения для выбора программы страхования';

-- Дамп данных таблицы ubercalc.tariff_program: ~15 rows (приблизительно)
/*!40000 ALTER TABLE `tariff_program` DISABLE KEYS */;
INSERT INTO `tariff_program` (`id`, `name`) VALUES
	(1, 'Бизнес'),
	(2, 'Стандарт'),
	(3, 'Оптимал'),
	(4, 'Эконом 50/50'),
	(5, 'Эконом до 1 страхового случая'),
	(6, 'Универсал'),
	(7, 'Классика (ВАЗ 2104, 05, 06, 07, 08, 09 и модификац'),
	(8, 'ВАЗ 11114 (ОКА), ИЖ 2126, 2717 и модификации, легк'),
	(9, 'ВАЗ Приора, Калина, 2110, 2111, 2112, 2113, 2114, '),
	(10, 'Микроавтобусы, фургоны и мини-грузовики на их базе'),
	(11, 'Мото транспорт'),
	(12, 'Автобусы'),
	(13, 'Грузовики'),
	(14, 'Спецтехника (сельхозтехника, бетономешалки, экскав'),
	(15, 'Прочие ТС прицепы, полуприцепы');
/*!40000 ALTER TABLE `tariff_program` ENABLE KEYS */;


-- Дамп структуры для таблица ubercalc.tariff_risks
DROP TABLE IF EXISTS `tariff_risks`;
CREATE TABLE IF NOT EXISTS `tariff_risks` (
  `id` int(10) unsigned NOT NULL AUTO_INCREMENT,
  `name` varchar(50) COLLATE utf8_bin NOT NULL,
  PRIMARY KEY (`id`)
) ENGINE=InnoDB AUTO_INCREMENT=3 DEFAULT CHARSET=utf8 COLLATE=utf8_bin COMMENT='Список рисков';

-- Дамп данных таблицы ubercalc.tariff_risks: ~2 rows (приблизительно)
/*!40000 ALTER TABLE `tariff_risks` DISABLE KEYS */;
INSERT INTO `tariff_risks` (`id`, `name`) VALUES
	(1, 'ХИЩЕНИЕ + УЩЕРБ'),
	(2, 'УЩЕРБ');
/*!40000 ALTER TABLE `tariff_risks` ENABLE KEYS */;


-- Дамп структуры для таблица ubercalc.ts_group
DROP TABLE IF EXISTS `ts_group`;
CREATE TABLE IF NOT EXISTS `ts_group` (
  `id` int(10) NOT NULL AUTO_INCREMENT,
  `Name` varchar(50) COLLATE utf8_bin NOT NULL,
  PRIMARY KEY (`id`)
) ENGINE=InnoDB DEFAULT CHARSET=utf8 COLLATE=utf8_bin COMMENT='Группа ТС';

-- Дамп данных таблицы ubercalc.ts_group: ~0 rows (приблизительно)
/*!40000 ALTER TABLE `ts_group` DISABLE KEYS */;
/*!40000 ALTER TABLE `ts_group` ENABLE KEYS */;


-- Дамп структуры для таблица ubercalc.ts_group_match
DROP TABLE IF EXISTS `ts_group_match`;
CREATE TABLE IF NOT EXISTS `ts_group_match` (
  `id` int(10) NOT NULL AUTO_INCREMENT,
  `TS_Group_Id` int(10) NOT NULL,
  `TS_Modification_Id` int(10) NOT NULL,
  `TS_Type_Id` int(10) NOT NULL,
  `TS_Model_Id` int(10) NOT NULL,
  `TS_Producer_ID` int(10) NOT NULL,
  PRIMARY KEY (`id`),
  KEY `FK_Group2TS_Group` (`TS_Group_Id`),
  CONSTRAINT `FK_Group2TS_Group` FOREIGN KEY (`TS_Group_Id`) REFERENCES `ts_group` (`id`)
) ENGINE=InnoDB DEFAULT CHARSET=utf8 COLLATE=utf8_bin COMMENT='Составление групп';

-- Дамп данных таблицы ubercalc.ts_group_match: ~0 rows (приблизительно)
/*!40000 ALTER TABLE `ts_group_match` DISABLE KEYS */;
/*!40000 ALTER TABLE `ts_group_match` ENABLE KEYS */;


-- Дамп структуры для таблица ubercalc.ts_model
DROP TABLE IF EXISTS `ts_model`;
CREATE TABLE IF NOT EXISTS `ts_model` (
  `id` int(10) NOT NULL AUTO_INCREMENT,
  `TS_Producer_Id` int(10) NOT NULL,
  `TS_Type_Id` int(10) DEFAULT '0',
  `Name` varchar(50) COLLATE utf8_bin NOT NULL,
  PRIMARY KEY (`id`),
  KEY `FK_Model2TS_Producer` (`TS_Producer_Id`),
  KEY `FK_Model2TS_Type` (`TS_Type_Id`),
  CONSTRAINT `FK_Model2TS_Producer` FOREIGN KEY (`TS_Producer_Id`) REFERENCES `ts_producer` (`id`),
  CONSTRAINT `FK_Model2TS_Type` FOREIGN KEY (`TS_Type_Id`) REFERENCES `ts_type` (`id`)
) ENGINE=InnoDB DEFAULT CHARSET=utf8 COLLATE=utf8_bin COMMENT='Модель TC';

-- Дамп данных таблицы ubercalc.ts_model: ~0 rows (приблизительно)
/*!40000 ALTER TABLE `ts_model` DISABLE KEYS */;
/*!40000 ALTER TABLE `ts_model` ENABLE KEYS */;


-- Дамп структуры для таблица ubercalc.ts_modification
DROP TABLE IF EXISTS `ts_modification`;
CREATE TABLE IF NOT EXISTS `ts_modification` (
  `id` int(10) NOT NULL AUTO_INCREMENT,
  `TS_Model_Id` int(10) NOT NULL DEFAULT '0',
  `TS_Type_Id` int(10) DEFAULT '0',
  `Name` varchar(50) COLLATE utf8_bin DEFAULT '0',
  PRIMARY KEY (`id`),
  KEY `FK_Modif2TS_Type` (`TS_Type_Id`),
  KEY `FK_Modif2TS_Model` (`TS_Model_Id`),
  CONSTRAINT `FK_Modif2TS_Model` FOREIGN KEY (`TS_Model_Id`) REFERENCES `ts_model` (`id`),
  CONSTRAINT `FK_Modif2TS_Type` FOREIGN KEY (`TS_Type_Id`) REFERENCES `ts_type` (`id`)
) ENGINE=InnoDB DEFAULT CHARSET=utf8 COLLATE=utf8_bin COMMENT='Модификация ТС';

-- Дамп данных таблицы ubercalc.ts_modification: ~0 rows (приблизительно)
/*!40000 ALTER TABLE `ts_modification` DISABLE KEYS */;
/*!40000 ALTER TABLE `ts_modification` ENABLE KEYS */;


-- Дамп структуры для таблица ubercalc.ts_producer
DROP TABLE IF EXISTS `ts_producer`;
CREATE TABLE IF NOT EXISTS `ts_producer` (
  `id` int(10) NOT NULL AUTO_INCREMENT,
  `Name` varchar(50) COLLATE utf8_bin NOT NULL,
  PRIMARY KEY (`id`)
) ENGINE=InnoDB DEFAULT CHARSET=utf8 COLLATE=utf8_bin COMMENT='Производители ТС';

-- Дамп данных таблицы ubercalc.ts_producer: ~0 rows (приблизительно)
/*!40000 ALTER TABLE `ts_producer` DISABLE KEYS */;
/*!40000 ALTER TABLE `ts_producer` ENABLE KEYS */;


-- Дамп структуры для таблица ubercalc.ts_type
DROP TABLE IF EXISTS `ts_type`;
CREATE TABLE IF NOT EXISTS `ts_type` (
  `id` int(10) NOT NULL AUTO_INCREMENT,
  `Name` varchar(50) COLLATE utf8_bin NOT NULL,
  PRIMARY KEY (`id`)
) ENGINE=InnoDB DEFAULT CHARSET=utf8 COLLATE=utf8_bin COMMENT='Тип ТС';

-- Дамп данных таблицы ubercalc.ts_type: ~0 rows (приблизительно)
/*!40000 ALTER TABLE `ts_type` DISABLE KEYS */;
/*!40000 ALTER TABLE `ts_type` ENABLE KEYS */;
/*!40101 SET SQL_MODE=IFNULL(@OLD_SQL_MODE, '') */;
/*!40014 SET FOREIGN_KEY_CHECKS=IF(@OLD_FOREIGN_KEY_CHECKS IS NULL, 1, @OLD_FOREIGN_KEY_CHECKS) */;
/*!40101 SET CHARACTER_SET_CLIENT=@OLD_CHARACTER_SET_CLIENT */;
